year,source_file,gsl,states,entities,sumlevel,program_label,program,sub_program,name,code,total_units,pct_occupied,number_reported,pct_reported,months_since_report,pct_movein,people_per_unit,people_total,rent_per_month,spending_per_month,hh_income,person_income,pct_lt5k,pct_5k_lt10k,pct_10k_lt15k,pct_15k_lt20k,pct_ge20k,pct_wage_major,pct_welfare_major,pct_other_major,pct_median,pct_lt50_median,pct_lt30_median,pct_2adults,pct_1adult,pct_female_head,pct_female_head_child,pct_disabled_lt62,pct_disabled_ge62,pct_disabled_all,pct_lt24_head,pct_age25_50,pct_age51_61,pct_age62plus,pct_age85plus,pct_minority,pct_black_nonhsp,pct_native_american_nonhsp,pct_asian_pacific_nonhsp,pct_white_nothsp,pct_black_hsp,pct_wht_hsp,pct_oth_hsp,pct_hispanic,pct_multi,months_waiting,months_from_movein,pct_utility_allow,ave_util_allow,pct_bed1,pct_bed2,pct_bed3,pct_overhoused,tpoverty,tminority,tpct_ownsfd,fedhse,cbsa,place,latitude,longitude,state,pha_total_units,ha_size,Quarter,occupied_units
2017,TRACT_AK_MN_2017.xlsx,Census Tract,DE Delaware,DE Delaware 001 Kent County 10001040201,7,Public Housing,2,NA,DE Delaware Kent County 040201,10001040201,32,100,32,100,5,3,1,33,251,889,10635,10313,9,38,38,16,,3,3,94,23,100,81,,,50,,79,50,73,22,22,44,13,,63,56,,,38,,3,3,6,0,,75,100,148,100,,,,12,30,53,NA,20100,15440,NA,NA,DE,NA,NA,2017-12-31 00:00:00 UTC,32
2017,TRACT_AK_MN_2017.xlsx,Census Tract,DE Delaware,DE Delaware 001 Kent County 10001040203,7,Public Housing,2,NA,DE Delaware Kent County 040203,10001040203,51,96,49,100,4,20,2.8,139,375,889,21742,7664,4,31,18,18,29,43,8,49,37,78,63,10,55,80,57,50,100,22,10,59,29,2,,78,69,,2,22,,,6,6,0,,56,100,170,24,35,41,2,11,40,56,NA,20100,99999,NA,NA,DE,NA,NA,2017-12-31 00:00:00 UTC,49
2017,TRACT_AK_MN_2017.xlsx,Census Tract,DE Delaware,DE Delaware 001 Kent County 10001040501,7,Public Housing,2,NA,DE Delaware Kent County 040501,10001040501,31,97,30,100,5,17,3,90,384,425,17875,5958,17,10,24,14,34,50,,47,30,83,63,3,80,97,80,21,,13,,80,17,3,,87,80,,,13,3,3,,7,0,44,76,100,136,,37,63,20,16,56,64,NA,20100,21200,NA,NA,DE,NA,NA,2017-12-31 00:00:00 UTC,30
2017,TRACT_AK_MN_2017.xlsx,Census Tract,DE Delaware,DE Delaware 001 Kent County 10001041000,7,Public Housing,2,NA,DE Delaware Kent County 041000,10001041000,83,97,81,100,6,10,3.1,249,326,425,14339,4665,17,22,17,13,30,48,7,38,25,89,69,5,73,89,69,18,100,9,6,68,22,4,,88,84,,,12,4,,,4,0,16,70,11,147,10,37,53,12,14,55,41,NA,20100,21200,NA,NA,DE,NA,NA,2017-12-31 00:00:00 UTC,81
2017,TRACT_AK_MN_2017.xlsx,Census Tract,DE Delaware,DE Delaware 001 Kent County 10001041300,7,Public Housing,2,NA,DE Delaware Kent County 041300,10001041300,56,95,53,100,6,13,2.9,152,234,425,10299,3591,26,32,15,13,15,34,6,49,18,96,79,2,74,96,72,23,100,14,4,72,15,9,2,92,89,,,8,4,,,4,0,13,92,,,,36,64,17,34,56,51,NA,20100,21200,NA,NA,DE,NA,NA,2017-12-31 00:00:00 UTC,53
2017,TRACT_AK_MN_2017.xlsx,Census Tract,DE Delaware,DE Delaware 001 Kent County 10001041400,7,Public Housing,2,NA,DE Delaware Kent County 041400,10001041400,111,97,108,100,6,14,2.4,262,276,425,12245,5047,12,38,25,8,17,31,6,60,23,96,77,3,45,79,47,35,90,22,4,49,20,27,,89,83,,,11,2,4,,6,1,12,101,53,71,44,11,44,8,25,64,38,NA,20100,21200,NA,NA,DE,NA,NA,2017-12-31 00:00:00 UTC,108
2017,TRACT_AK_MN_2017.xlsx,Census Tract,DE Delaware,DE Delaware 001 Kent County 10001041500,7,Public Housing,2,NA,DE Delaware Kent County 041500,10001041500,4,,,,,,,,,,,,,,,,,,,,,,,,,,,,,,,,,,,,,,,,,,,,,,,,,,,,,,,,NA,20100,21200,NA,NA,DE,NA,NA,2017-12-31 00:00:00 UTC,
2017,TRACT_AK_MN_2017.xlsx,Census Tract,DE Delaware,DE Delaware 001 Kent County 10001041600,7,Public Housing,2,NA,DE Delaware Kent County 041600,10001041600,5,,,,,,,,,,,,,,,,,,,,,,,,,,,,,,,,,,,,,,,,,,,,,,,,,,,,,,,,NA,20100,38710,NA,NA,DE,NA,NA,2017-12-31 00:00:00 UTC,
2017,TRACT_AK_MN_2017.xlsx,Census Tract,DE Delaware,DE Delaware 001 Kent County 10001041701,7,Public Housing,2,NA,DE Delaware Kent County 041701,10001041701,2,,,,,,,,,,,,,,,,,,,,,,,,,,,,,,,,,,,,,,,,,,,,,,,,,,,,,,,,NA,20100,81350,NA,NA,DE,NA,NA,2017-12-31 00:00:00 UTC,
2017,TRACT_AK_MN_2017.xlsx,Census Tract,DE Delaware,DE Delaware 001 Kent County 10001042201,7,Public Housing,2,NA,DE Delaware Kent County 042201,10001042201,54,94,51,100,6,14,3.6,182,383,889,17129,4800,4,24,27,8,37,49,,47,28,90,65,12,61,82,65,39,57,13,4,61,22,14,,82,75,,,18,2,4,2,8,0,,63,100,157,12,14,75,18,15,37,67,NA,20100,61265,NA,NA,DE,NA,NA,2017-12-31 00:00:00 UTC,51
2017,TRACT_AK_MN_2017.xlsx,Census Tract,DE Delaware,DE Delaware 001 Kent County 10001042202,7,Public Housing,2,NA,DE Delaware Kent County 042202,10001042202,1,,,,,,,,,,,,,,,,,,,,,,,,,,,,,,,,,,,,,,,,,,,,,,,,,,,,,,,,NA,20100,XXXXX,NA,NA,DE,NA,NA,2017-12-31 00:00:00 UTC,
2017,TRACT_AK_MN_2017.xlsx,Census Tract,DE Delaware,DE Delaware 001 Kent County 10001042500,7,Public Housing,2,NA,DE Delaware Kent County 042500,10001042500,1,,,,,,,,,,,,,,,,,,,,,,,,,,,,,,,,,,,,,,,,,,,,,,,,,,,,,,,,NA,20100,47420,NA,NA,DE,NA,NA,2017-12-31 00:00:00 UTC,
2017,TRACT_AK_MN_2017.xlsx,Census Tract,DE Delaware,DE Delaware 001 Kent County 10001043000,7,Public Housing,2,NA,DE Delaware Kent County 043000,10001043000,72,97,70,100,4,19,3.2,224,316,889,16137,5043,20,26,12,11,32,40,14,40,27,83,66,9,70,86,69,41,100,14,6,74,17,3,,90,87,,,10,,1,1,3,0,,53,100,171,4,37,59,13,17,27,65,NA,20100,33120,NA,NA,DE,NA,NA,2017-12-31 00:00:00 UTC,70
2017,TRACT_AK_MN_2017.xlsx,Census Tract,DE Delaware,DE Delaware 001 Kent County 10001043300,7,Public Housing,2,NA,DE Delaware Kent County 043300,10001043300,1,,,,,,,,,,,,,,,,,,,,,,,,,,,,,,,,,,,,,,,,,,,,,,,,,,,,,,,,NA,20100,21200,NA,NA,DE,NA,NA,2017-12-31 00:00:00 UTC,
2017,TRACT_AK_MN_2017.xlsx,Census Tract,DE Delaware,DE Delaware 003 New Castle County 10003000200,7,Public Housing,2,NA,DE Delaware New Castle County 000200,10003000200,30,94,28,98,6,61,3.5,97,378,583,16610,4795,13,8,17,17,46,50,4,32,22,93,75,11,75,93,79,9,80,12,7,68,7,18,4,93,75,,,7,,18,,18,0,21,113,39,198,,7,93,11,20,84,24,NA,37980,77580,NA,NA,DE,NA,NA,2017-12-31 00:00:00 UTC,28
2017,TRACT_AK_MN_2017.xlsx,Census Tract,DE Delaware,DE Delaware 003 New Castle County 10003000300,7,Public Housing,2,NA,DE Delaware New Castle County 000300,10003000300,37,88,31,97,6,10,3.5,108,505,583,25380,7285,17,3,14,10,55,58,3,32,33,74,52,13,61,90,68,16,33,11,3,61,19,16,,97,77,,,3,,16,3,19,0,6,176,90,196,,10,90,23,20,85,13,NA,37980,77580,NA,NA,DE,NA,NA,2017-12-31 00:00:00 UTC,33
2017,TRACT_AK_MN_2017.xlsx,Census Tract,DE Delaware,DE Delaware 003 New Castle County 10003000400,7,Public Housing,2,NA,DE Delaware New Castle County 000400,10003000400,114,99,112,100,5,10,1.3,144,299,583,13542,10533,,45,31,15,9,11,,88,22,98,88,1,5,69,6,78,61,55,,4,21,76,3,95,89,,1,5,,4,,4,0,34,190,10,192,86,4,11,7,24,58,10,NA,37980,77580,NA,NA,DE,NA,NA,2017-12-31 00:00:00 UTC,113
2017,TRACT_AK_MN_2017.xlsx,Census Tract,DE Delaware,DE Delaware 003 New Castle County 10003000500,7,Public Housing,2,NA,DE Delaware New Castle County 000500,10003000500,63,95,59,98,5,15,2.8,164,401,583,17834,6416,2,26,21,17,34,53,2,36,25,86,69,7,54,81,53,28,80,15,3,63,25,8,2,95,86,,2,5,,7,,7,0,14,94,31,226,22,3,75,19,25,94,11,NA,37980,77580,NA,NA,DE,NA,NA,2017-12-31 00:00:00 UTC,60
2017,TRACT_AK_MN_2017.xlsx,Census Tract,DE Delaware,DE Delaware 003 New Castle County 10003000601,7,Public Housing,2,NA,DE Delaware New Castle County 000601,10003000601,85,97,81,99,5,7,3,242,542,583,27460,9191,5,9,11,14,61,74,,25,37,75,46,12,58,95,67,9,57,6,1,68,22,9,,100,100,,,,,,,0,0,16,111,95,150,,20,80,26,23,95,5,NA,37980,77580,NA,NA,DE,NA,NA,2017-12-31 00:00:00 UTC,82
2017,TRACT_AK_MN_2017.xlsx,Census Tract,DE Delaware,DE Delaware 003 New Castle County 10003000602,7,Public Housing,2,NA,DE Delaware New Castle County 000602,10003000602,161,99,159,100,5,13,1.3,210,292,583,12395,9385,8,42,24,10,15,28,5,64,21,96,82,1,12,67,11,54,73,46,8,31,37,25,1,92,88,,,8,1,4,,4,0,20,96,6,208,84,11,6,4,38,94,15,NA,37980,77580,NA,NA,DE,NA,NA,2017-12-31 00:00:00 UTC,159
2017,TRACT_AK_MN_2017.xlsx,Census Tract,DE Delaware,DE Delaware 003 New Castle County 10003000900,7,Public Housing,2,NA,DE Delaware New Castle County 000900,10003000900,32,67,21,97,8,14,3.1,65,313,583,15466,4997,16,11,21,16,37,43,,48,21,95,81,5,71,90,71,13,60,12,10,57,10,24,,95,81,5,,5,,10,,10,0,29,173,90,197,,33,67,14,24,97,3,NA,37980,77580,NA,NA,DE,NA,NA,2017-12-31 00:00:00 UTC,21
2017,TRACT_AK_MN_2017.xlsx,Census Tract,DE Delaware,DE Delaware 003 New Castle County 10003001100,7,Public Housing,2,NA,DE Delaware New Castle County 001100,10003001100,65,100,65,100,6,9,1,67,403,583,17605,17079,,18,28,20,34,,,100,30,94,55,,,77,,,5,4,,,,100,5,82,66,,,18,5,11,,15,0,25,43,100,61,97,3,,,14,22,4,NA,37980,77580,NA,NA,DE,NA,NA,2017-12-31 00:00:00 UTC,65
2017,TRACT_AK_MN_2017.xlsx,Census Tract,DE Delaware,DE Delaware 003 New Castle County 10003001200,7,Public Housing,2,NA,DE Delaware New Castle County 001200,10003001200,3,,,,,,,,,,,,,,,,,,,,,,,,,,,,,,,,,,,,,,,,,,,,,,,,,,,,,,,,NA,37980,77580,NA,NA,DE,NA,NA,2017-12-31 00:00:00 UTC,
2017,TRACT_AK_MN_2017.xlsx,Census Tract,DE Delaware,DE Delaware 003 New Castle County 10003001400,7,Public Housing,2,NA,DE Delaware New Castle County 001400,10003001400,5,,,,,,,,,,,,,,,,,,,,,,,,,,,,,,,,,,,,,,,,,,,,,,,,,,,,,,,,NA,37980,77580,NA,NA,DE,NA,NA,2017-12-31 00:00:00 UTC,
2017,TRACT_AK_MN_2017.xlsx,Census Tract,DE Delaware,DE Delaware 003 New Castle County 10003001500,7,Public Housing,2,NA,DE Delaware New Castle County 001500,10003001500,8,,,,,,,,,,,,,,,,,,,,,,,,,,,,,,,,,,,,,,,,,,,,,,,,,,,,,,,,NA,37980,77580,NA,NA,DE,NA,NA,2017-12-31 00:00:00 UTC,
2017,TRACT_AK_MN_2017.xlsx,Census Tract,DE Delaware,DE Delaware 003 New Castle County 10003001600,7,Public Housing,2,NA,DE Delaware New Castle County 001600,10003001600,18,67,12,97,5,25,2.5,30,201,583,8839,3536,22,33,,22,22,42,,33,12,100,92,,67,75,58,20,100,20,8,58,17,17,,100,92,,,,,8,,8,0,4,104,100,178,17,50,33,17,29,84,4,NA,37980,77580,NA,NA,DE,NA,NA,2017-12-31 00:00:00 UTC,12
2017,TRACT_AK_MN_2017.xlsx,Census Tract,DE Delaware,DE Delaware 003 New Castle County 10003001902,7,Public Housing,2,NA,DE Delaware New Castle County 001902,10003001902,181,100,181,100,5,12,2.6,468,269,583,11733,4538,24,26,22,9,19,46,6,44,17,97,85,2,67,90,65,19,77,12,15,62,17,7,,97,93,,,3,,3,1,4,0,16,88,97,113,19,46,35,6,23,81,9,NA,37980,77580,NA,NA,DE,NA,NA,2017-12-31 00:00:00 UTC,181
2017,TRACT_AK_MN_2017.xlsx,Census Tract,DE Delaware,DE Delaware 003 New Castle County 10003002100,7,Public Housing,2,NA,DE Delaware New Castle County 002100,10003002100,18,70,12,97,5,8,3.3,39,279,583,11908,3664,30,,40,,30,58,,25,16,100,75,,92,100,92,8,,5,,92,8,,,100,100,,,,,,,0,0,,77,100,210,,17,83,17,47,95,9,NA,37980,77580,NA,NA,DE,NA,NA,2017-12-31 00:00:00 UTC,13
2017,TRACT_AK_MN_2017.xlsx,Census Tract,DE Delaware,DE Delaware 003 New Castle County 10003002200,7,Public Housing,2,NA,DE Delaware New Castle County 002200,10003002200,20,67,13,97,6,8,3,39,389,583,16733,5578,8,17,17,25,33,62,8,23,23,100,69,,62,100,62,9,,8,23,46,15,15,,100,92,,,,,8,,8,0,62,149,100,200,,31,69,23,41,95,13,NA,37980,77580,NA,NA,DE,NA,NA,2017-12-31 00:00:00 UTC,13
2017,TRACT_AK_MN_2017.xlsx,Census Tract,DE Delaware,DE Delaware 003 New Castle County 10003002300,7,Public Housing,2,NA,DE Delaware New Castle County 002300,10003002300,9,,,,,,,,,,,,,,,,,,,,,,,,,,,,,,,,,,,,,,,,,,,,,,,,,,,,,,,,NA,37980,77580,NA,NA,DE,NA,NA,2017-12-31 00:00:00 UTC,
2017,TRACT_AK_MN_2017.xlsx,Census Tract,DE Delaware,DE Delaware 003 New Castle County 10003002400,7,Public Housing,2,NA,DE Delaware New Castle County 002400,10003002400,7,,,,,,,,,,,,,,,,,,,,,,,,,,,,,,,,,,,,,,,,,,,,,,,,,,,,,,,,NA,37980,77580,NA,NA,DE,NA,NA,2017-12-31 00:00:00 UTC,
2017,TRACT_AK_MN_2017.xlsx,Census Tract,DE Delaware,DE Delaware 003 New Castle County 10003002500,7,Public Housing,2,NA,DE Delaware New Castle County 002500,10003002500,3,,,,,,,,,,,,,,,,,,,,,,,,,,,,,,,,,,,,,,,,,,,,,,,,,,,,,,,,NA,37980,77580,NA,NA,DE,NA,NA,2017-12-31 00:00:00 UTC,
2017,TRACT_AK_MN_2017.xlsx,Census Tract,DE Delaware,DE Delaware 003 New Castle County 10003002600,7,Public Housing,2,NA,DE Delaware New Castle County 002600,10003002600,17,69,11,97,4,18,3.1,34,518,583,23825,7708,,,,30,70,82,,9,31,91,45,,64,100,64,,50,12,,64,18,18,,100,91,,,,,9,,9,0,4,148,100,192,9,27,64,18,37,81,13,NA,37980,77580,NA,NA,DE,NA,NA,2017-12-31 00:00:00 UTC,12
2017,TRACT_AK_MN_2017.xlsx,Census Tract,DE Delaware,DE Delaware 003 New Castle County 10003002800,7,Public Housing,2,NA,DE Delaware New Castle County 002800,10003002800,1,,,,,,,,,,,,,,,,,,,,,,,,,,,,,,,,,,,,,,,,,,,,,,,,,,,,,,,,NA,37980,77580,NA,NA,DE,NA,NA,2017-12-31 00:00:00 UTC,
2017,TRACT_AK_MN_2017.xlsx,Census Tract,DE Delaware,DE Delaware 003 New Castle County 10003002900,7,Public Housing,2,NA,DE Delaware New Castle County 002900,10003002900,336,99,334,100,5,15,1.2,407,282,583,12270,10069,9,46,25,9,12,21,5,72,20,96,87,,8,56,7,64,77,59,2,25,40,32,1,97,91,1,,3,0,4,1,5,0,27,108,1,214,88,8,4,2,58,96,4,NA,37980,77580,NA,NA,DE,NA,NA,2017-12-31 00:00:00 UTC,333
2017,TRACT_AK_MN_2017.xlsx,Census Tract,DE Delaware,DE Delaware 003 New Castle County 10003003002,7,Public Housing,2,NA,DE Delaware New Castle County 003002,10003003002,294,97,283,99,5,14,3,837,298,583,12916,4367,12,23,24,16,25,53,6,24,18,96,84,4,75,88,74,12,82,9,9,74,11,6,0,94,89,0,,6,,4,1,5,0,22,104,98,163,11,42,47,9,46,83,4,NA,37980,77580,NA,NA,DE,NA,NA,2017-12-31 00:00:00 UTC,285
2017,TRACT_AK_MN_2017.xlsx,Census Tract,DE Delaware,DE Delaware 003 New Castle County 10003010502,7,Public Housing,2,NA,DE Delaware New Castle County 010502,10003010502,2,,,,,,,,,,,,,,,,,,,,,,,,,,,,,,,,,,,,,,,,,,,,,,,,,,,,,,,,NA,37980,99999,NA,NA,DE,NA,NA,2017-12-31 00:00:00 UTC,
2017,TRACT_AK_MN_2017.xlsx,Census Tract,DE Delaware,DE Delaware 003 New Castle County 10003013610,7,Public Housing,2,NA,DE Delaware New Castle County 013610,10003013610,42,98,41,100,3,5,3.3,136,342,430,14796,4460,18,8,18,28,28,59,5,32,20,100,76,2,80,93,78,10,50,5,12,78,5,5,,95,85,2,,5,2,5,,7,0,23,24,100,101,15,27,59,5,6,16,71,NA,37980,99999,NA,NA,DE,NA,NA,2017-12-31 00:00:00 UTC,41
2017,TRACT_AK_MN_2017.xlsx,Census Tract,DE Delaware,DE Delaware 003 New Castle County 10003014300,7,Public Housing,2,NA,DE Delaware New Castle County 014300,10003014300,3,,,,,,,,,,,,,,,,,,,,,,,,,,,,,,,,,,,,,,,,,,,,,,,,,,,,,,,,NA,37980,50670,NA,NA,DE,NA,NA,2017-12-31 00:00:00 UTC,
2017,TRACT_AK_MN_2017.xlsx,Census Tract,DE Delaware,DE Delaware 003 New Castle County 10003014403,7,Public Housing,2,NA,DE Delaware New Castle County 014403,10003014403,7,,,,,,,,,,,,,,,,,,,,,,,,,,,,,,,,,,,,,,,,,,,,,,,,,,,,,,,,NA,37980,50670,NA,NA,DE,NA,NA,2017-12-31 00:00:00 UTC,
2017,TRACT_AK_MN_2017.xlsx,Census Tract,DE Delaware,DE Delaware 003 New Castle County 10003014501,7,Public Housing,2,NA,DE Delaware New Castle County 014501,10003014501,1,,,,,,,,,,,,,,,,,,,,,,,,,,,,,,,,,,,,,,,,,,,,,,,,,,,,,,,,NA,37980,50670,NA,NA,DE,NA,NA,2017-12-31 00:00:00 UTC,
2017,TRACT_AK_MN_2017.xlsx,Census Tract,DE Delaware,DE Delaware 003 New Castle County 10003014502,7,Public Housing,2,NA,DE Delaware New Castle County 014502,10003014502,45,100,45,100,6,13,1.3,60,358,430,15493,11620,4,24,27,22,22,13,,87,26,93,69,,11,73,11,44,58,42,2,16,2,80,7,58,51,,,42,2,2,2,7,0,18,110,100,83,80,16,4,2,62,15,29,NA,37980,50670,NA,NA,DE,NA,NA,2017-12-31 00:00:00 UTC,45
2017,TRACT_AK_MN_2017.xlsx,Census Tract,DE Delaware,DE Delaware 003 New Castle County 10003016601,7,Public Housing,2,NA,DE Delaware New Castle County 016601,10003016601,24,100,24,100,5,8,1.1,26,373,889,17496,16151,,21,25,25,29,8,,92,30,88,58,,,71,,11,20,12,79,,,21,,29,29,,,71,,,,0,0,,80,100,128,100,,,,3,27,73,NA,37980,47030,NA,NA,DE,NA,NA,2017-12-31 00:00:00 UTC,24
2017,TRACT_AK_MN_2017.xlsx,Census Tract,DE Delaware,DE Delaware 003 New Castle County 10003999999,7,Public Housing,2,NA,DE Delaware New Castle County 999999,10003999999,8,,,,,,,,,,,,,,,,,,,,,,,,,,,,,,,,,,,,,,,,,,,,,,,,,,,,,,,,NA,37980,XXXXX,NA,NA,DE,NA,NA,2017-12-31 00:00:00 UTC,
2017,TRACT_AK_MN_2017.xlsx,Census Tract,DE Delaware,DE Delaware 005 Sussex County 10005050104,7,Public Housing,2,NA,DE Delaware Sussex County 050104,10005050104,1,,,,,,,,,,,,,,,,,,,,,,,,,,,,,,,,,,,,,,,,,,,,,,,,,,,,,,,,NA,41540,47420,NA,NA,DE,NA,NA,2017-12-31 00:00:00 UTC,
2017,TRACT_AK_MN_2017.xlsx,Census Tract,DE Delaware,DE Delaware 005 Sussex County 10005050301,7,Public Housing,2,NA,DE Delaware Sussex County 050301,10005050301,50,94,46,98,6,20,2.5,117,350,889,18135,7130,9,23,14,7,48,54,2,39,32,78,52,7,67,87,70,38,67,20,4,67,15,13,,78,76,,2,20,,,,0,0,,55,100,129,,83,17,7,22,29,72,NA,41540,08680,NA,NA,DE,NA,NA,2017-12-31 00:00:00 UTC,47
2017,TRACT_AK_MN_2017.xlsx,Census Tract,DE Delaware,DE Delaware 005 Sussex County 10005051003,7,Public Housing,2,NA,DE Delaware Sussex County 051003,10005051003,51,100,51,100,7,16,3.3,169,343,889,14810,4469,12,12,34,24,18,47,12,39,25,94,75,4,76,90,75,40,67,15,4,76,14,6,,55,53,,,41,,2,,2,0,,57,100,235,,27,73,16,7,18,50,NA,41540,99999,NA,NA,DE,NA,NA,2017-12-31 00:00:00 UTC,51
2017,TRACT_AK_MN_2017.xlsx,Census Tract,DE Delaware,DE Delaware 005 Sussex County 10005999999,7,Public Housing,2,NA,DE Delaware Sussex County 999999,10005999999,54,98,53,100,5,11,3.2,169,430,889,20467,6419,4,17,19,15,45,64,,36,34,85,47,15,62,85,72,23,100,10,9,72,17,2,,70,70,,,30,,,,0,0,,55,100,188,,47,53,8,9,8,68,NA,41540,XXXXX,NA,NA,DE,NA,NA,2017-12-31 00:00:00 UTC,53
2018,TRACT_AK_MN_2018.xlsx,Census Tract,DE Delaware,DE Delaware 001 Kent County 10001040201,7,Public Housing,2,NA,DE Delaware Kent County 040201,10001040201,32,100,32,100,5,9,1.1,34,268,837,11593,10911,9,34,34,19,3,3,3,94,23,97,78,,,53,,81,67,74,19,16,47,19,,63,59,,,38,,,3,3,0,,80,100,161,100,,,,14,30,51,NA,20100,15440,NA,NA,DE,NA,NA,2018-12-31 00:00:00 UTC,32
2018,TRACT_AK_MN_2018.xlsx,Census Tract,DE Delaware,DE Delaware 001 Kent County 10001040203,7,Public Housing,2,NA,DE Delaware Kent County 040203,10001040203,51,94,48,100,4,17,2.7,129,378,837,20117,7486,4,25,25,15,31,42,6,52,33,77,65,6,52,81,52,51,100,25,8,60,27,4,,79,73,,,21,,2,4,6,2,,61,100,185,25,35,40,2,11,40,54,NA,20100,99999,NA,NA,DE,NA,NA,2018-12-31 00:00:00 UTC,48
2018,TRACT_AK_MN_2018.xlsx,Census Tract,DE Delaware,DE Delaware 001 Kent County 10001040501,7,Public Housing,2,NA,DE Delaware Kent County 040501,10001040501,31,98,30,100,7,10,3,89,463,492,20820,7018,7,14,24,10,45,57,3,37,33,77,50,3,80,90,80,21,,12,3,80,10,7,,90,83,,,10,3,3,,7,0,7,82,100,135,,37,63,17,14,56,63,NA,20100,21200,NA,NA,DE,NA,NA,2018-12-31 00:00:00 UTC,30
2018,TRACT_AK_MN_2018.xlsx,Census Tract,DE Delaware,DE Delaware 001 Kent County 10001041000,7,Public Housing,2,NA,DE Delaware Kent County 041000,10001041000,83,98,82,100,7,15,3.1,253,286,492,12891,4178,22,25,17,16,21,40,11,43,21,94,77,2,74,88,71,22,100,11,4,71,20,6,,90,88,,,10,2,,,2,0,31,68,10,147,10,37,54,12,17,55,41,NA,20100,21200,NA,NA,DE,NA,NA,2018-12-31 00:00:00 UTC,81
2018,TRACT_AK_MN_2018.xlsx,Census Tract,DE Delaware,DE Delaware 001 Kent County 10001041300,7,Public Housing,2,NA,DE Delaware Kent County 041300,10001041300,57,97,55,100,7,11,2.8,154,236,492,10107,3610,21,30,19,19,11,25,5,55,17,96,87,2,75,95,73,28,100,14,2,75,15,9,2,91,85,,,9,5,,,5,0,3,92,,,,38,62,18,33,56,52,NA,20100,21200,NA,NA,DE,NA,NA,2018-12-31 00:00:00 UTC,55
2018,TRACT_AK_MN_2018.xlsx,Census Tract,DE Delaware,DE Delaware 001 Kent County 10001041400,7,Public Housing,2,NA,DE Delaware Kent County 041400,10001041400,110,97,107,100,8,10,2.4,257,293,492,12687,5282,15,30,21,16,18,25,9,59,22,93,76,2,44,79,45,34,93,21,3,50,21,25,,89,83,,,11,2,4,,6,1,22,108,54,67,44,12,44,9,22,64,40,NA,20100,21200,NA,NA,DE,NA,NA,2018-12-31 00:00:00 UTC,107
2018,TRACT_AK_MN_2018.xlsx,Census Tract,DE Delaware,DE Delaware 001 Kent County 10001041500,7,Public Housing,2,NA,DE Delaware Kent County 041500,10001041500,3,,,,,,,,,,,,,,,,,,,,,,,,,,,,,,,,,,,,,,,,,,,,,,,,,,,,,,,,NA,20100,21200,NA,NA,DE,NA,NA,2018-12-31 00:00:00 UTC,
2018,TRACT_AK_MN_2018.xlsx,Census Tract,DE Delaware,DE Delaware 001 Kent County 10001041600,7,Public Housing,2,NA,DE Delaware Kent County 041600,10001041600,5,,,,,,,,,,,,,,,,,,,,,,,,,,,,,,,,,,,,,,,,,,,,,,,,,,,,,,,,NA,20100,38710,NA,NA,DE,NA,NA,2018-12-31 00:00:00 UTC,
2018,TRACT_AK_MN_2018.xlsx,Census Tract,DE Delaware,DE Delaware 001 Kent County 10001041701,7,Public Housing,2,NA,DE Delaware Kent County 041701,10001041701,2,,,,,,,,,,,,,,,,,,,,,,,,,,,,,,,,,,,,,,,,,,,,,,,,,,,,,,,,NA,20100,81350,NA,NA,DE,NA,NA,2018-12-31 00:00:00 UTC,
2018,TRACT_AK_MN_2018.xlsx,Census Tract,DE Delaware,DE Delaware 001 Kent County 10001042201,7,Public Housing,2,NA,DE Delaware Kent County 042201,10001042201,54,94,51,100,7,18,3.6,184,407,837,21525,5966,2,23,19,21,35,49,2,43,33,84,63,14,57,86,67,34,71,13,8,55,24,14,,86,76,,,14,4,4,2,10,0,,64,100,173,12,12,76,22,11,37,68,NA,20100,61265,NA,NA,DE,NA,NA,2018-12-31 00:00:00 UTC,51
2018,TRACT_AK_MN_2018.xlsx,Census Tract,DE Delaware,DE Delaware 001 Kent County 10001042202,7,Public Housing,2,NA,DE Delaware Kent County 042202,10001042202,1,,,,,,,,,,,,,,,,,,,,,,,,,,,,,,,,,,,,,,,,,,,,,,,,,,,,,,,,NA,20100,44430,NA,NA,DE,NA,NA,2018-12-31 00:00:00 UTC,
2018,TRACT_AK_MN_2018.xlsx,Census Tract,DE Delaware,DE Delaware 001 Kent County 10001042500,7,Public Housing,2,NA,DE Delaware Kent County 042500,10001042500,2,,,,,,,,,,,,,,,,,,,,,,,,,,,,,,,,,,,,,,,,,,,,,,,,,,,,,,,,NA,20100,47420,NA,NA,DE,NA,NA,2018-12-31 00:00:00 UTC,
2018,TRACT_AK_MN_2018.xlsx,Census Tract,DE Delaware,DE Delaware 001 Kent County 10001043000,7,Public Housing,2,NA,DE Delaware Kent County 043000,10001043000,73,95,69,100,4,17,3.1,217,390,837,20014,6364,6,21,19,16,37,59,7,30,31,84,61,9,65,86,65,43,100,16,6,68,20,6,,90,88,,,10,,1,,1,0,,58,100,189,6,36,58,13,18,27,67,NA,20100,33120,NA,NA,DE,NA,NA,2018-12-31 00:00:00 UTC,69
2018,TRACT_AK_MN_2018.xlsx,Census Tract,DE Delaware,DE Delaware 001 Kent County 10001043300,7,Public Housing,2,NA,DE Delaware Kent County 043300,10001043300,1,,,,,,,,,,,,,,,,,,,,,,,,,,,,,,,,,,,,,,,,,,,,,,,,,,,,,,,,NA,20100,21200,NA,NA,DE,NA,NA,2018-12-31 00:00:00 UTC,
2018,TRACT_AK_MN_2018.xlsx,Census Tract,DE Delaware,DE Delaware 003 New Castle County 10003000200,7,Public Housing,2,NA,DE Delaware New Castle County 000200,10003000200,31,92,28,100,5,4,3.5,98,408,736,19187,5482,12,8,24,16,40,57,4,29,24,86,71,11,71,93,75,9,80,11,4,68,11,18,4,93,75,,,7,,18,,18,0,8,122,36,197,,7,93,14,18,84,24,NA,37980,77580,NA,NA,DE,NA,NA,2018-12-31 00:00:00 UTC,29
2018,TRACT_AK_MN_2018.xlsx,Census Tract,DE Delaware,DE Delaware 003 New Castle County 10003000300,7,Public Housing,2,NA,DE Delaware New Castle County 000300,10003000300,37,86,32,100,5,9,3.5,111,515,736,26037,7506,3,17,17,3,59,53,,38,32,78,56,13,53,91,59,22,20,9,3,59,22,16,3,97,78,,,3,,16,3,19,0,10,185,84,200,,6,94,31,16,85,14,NA,37980,77580,NA,NA,DE,NA,NA,2018-12-31 00:00:00 UTC,32
2018,TRACT_AK_MN_2018.xlsx,Census Tract,DE Delaware,DE Delaware 003 New Castle County 10003000400,7,Public Housing,2,NA,DE Delaware New Castle County 000400,10003000400,116,98,111,98,6,5,1.3,144,319,736,13461,10376,1,40,30,16,13,11,,88,21,97,87,,5,65,5,68,62,52,,3,20,77,5,95,89,,1,5,,5,,5,0,14,199,11,220,86,4,11,8,22,58,11,NA,37980,77580,NA,NA,DE,NA,NA,2018-12-31 00:00:00 UTC,114
2018,TRACT_AK_MN_2018.xlsx,Census Tract,DE Delaware,DE Delaware 003 New Castle County 10003000500,7,Public Housing,2,NA,DE Delaware New Castle County 000500,10003000500,60,93,56,100,4,13,2.7,152,417,736,20052,7387,10,25,15,10,40,54,4,36,26,88,64,11,52,84,55,28,83,18,4,63,23,11,2,95,88,,2,5,,5,,5,0,12,95,32,220,20,2,79,25,29,94,11,NA,37980,77580,NA,NA,DE,NA,NA,2018-12-31 00:00:00 UTC,56
2018,TRACT_AK_MN_2018.xlsx,Census Tract,DE Delaware,DE Delaware 003 New Castle County 10003000601,7,Public Housing,2,NA,DE Delaware New Castle County 000601,10003000601,85,94,80,100,3,6,3,239,573,736,29214,9779,8,5,9,5,73,75,1,23,37,79,40,15,56,96,69,8,22,5,,73,16,11,,100,100,,,,,,,0,1,58,117,94,157,,20,80,25,32,95,8,NA,37980,77580,NA,NA,DE,NA,NA,2018-12-31 00:00:00 UTC,80
2018,TRACT_AK_MN_2018.xlsx,Census Tract,DE Delaware,DE Delaware 003 New Castle County 10003000602,7,Public Housing,2,NA,DE Delaware New Castle County 000602,10003000602,161,96,155,100,5,8,1.3,207,293,736,12456,9327,8,39,24,10,19,22,5,63,19,96,84,1,12,66,11,54,74,47,6,33,34,27,1,92,88,,,8,1,3,,4,0,25,100,6,208,84,10,6,3,37,94,13,NA,37980,77580,NA,NA,DE,NA,NA,2018-12-31 00:00:00 UTC,155
2018,TRACT_AK_MN_2018.xlsx,Census Tract,DE Delaware,DE Delaware 003 New Castle County 10003000900,7,Public Housing,2,NA,DE Delaware New Castle County 000900,10003000900,29,69,20,100,4,10,3.1,61,364,736,16826,5517,11,6,28,17,39,50,,40,22,95,75,5,65,90,65,14,67,15,5,60,5,30,,95,80,5,,5,,10,,10,0,43,187,95,195,,35,65,20,28,97,3,NA,37980,77580,NA,NA,DE,NA,NA,2018-12-31 00:00:00 UTC,20
2018,TRACT_AK_MN_2018.xlsx,Census Tract,DE Delaware,DE Delaware 003 New Castle County 10003001100,7,Public Housing,2,NA,DE Delaware New Castle County 001100,10003001100,65,100,65,100,6,5,1,67,410,736,17884,17350,,15,28,22,35,,,100,29,95,60,,,82,,,6,6,,,,100,9,83,66,2,,17,3,12,,15,0,44,52,100,63,97,3,,,12,22,4,NA,37980,77580,NA,NA,DE,NA,NA,2018-12-31 00:00:00 UTC,65
2018,TRACT_AK_MN_2018.xlsx,Census Tract,DE Delaware,DE Delaware 003 New Castle County 10003001200,7,Public Housing,2,NA,DE Delaware New Castle County 001200,10003001200,3,,,,,,,,,,,,,,,,,,,,,,,,,,,,,,,,,,,,,,,,,,,,,,,,,,,,,,,,NA,37980,77580,NA,NA,DE,NA,NA,2018-12-31 00:00:00 UTC,
2018,TRACT_AK_MN_2018.xlsx,Census Tract,DE Delaware,DE Delaware 003 New Castle County 10003001400,7,Public Housing,2,NA,DE Delaware New Castle County 001400,10003001400,4,,,,,,,,,,,,,,,,,,,,,,,,,,,,,,,,,,,,,,,,,,,,,,,,,,,,,,,,NA,37980,77580,NA,NA,DE,NA,NA,2018-12-31 00:00:00 UTC,
2018,TRACT_AK_MN_2018.xlsx,Census Tract,DE Delaware,DE Delaware 003 New Castle County 10003001500,7,Public Housing,2,NA,DE Delaware New Castle County 001500,10003001500,7,,,,,,,,,,,,,,,,,,,,,,,,,,,,,,,,,,,,,,,,,,,,,,,,,,,,,,,,NA,37980,77580,NA,NA,DE,NA,NA,2018-12-31 00:00:00 UTC,
2018,TRACT_AK_MN_2018.xlsx,Census Tract,DE Delaware,DE Delaware 003 New Castle County 10003001600,7,Public Housing,2,NA,DE Delaware New Castle County 001600,10003001600,17,69,12,100,7,8,2.9,35,304,736,17894,6135,20,30,10,10,30,50,,33,22,83,75,,75,83,67,18,100,14,,75,17,8,,100,92,,,,,8,,8,0,4,128,83,185,8,50,42,17,39,84,4,NA,37980,77580,NA,NA,DE,NA,NA,2018-12-31 00:00:00 UTC,12
2018,TRACT_AK_MN_2018.xlsx,Census Tract,DE Delaware,DE Delaware 003 New Castle County 10003001902,7,Public Housing,2,NA,DE Delaware New Castle County 001902,10003001902,181,100,181,100,5,6,2.6,471,299,736,13069,5022,17,22,19,20,22,51,4,36,18,98,84,1,70,91,67,16,80,11,12,66,15,8,,98,94,,,2,,3,1,4,0,17,97,98,113,19,46,35,7,35,81,6,NA,37980,77580,NA,NA,DE,NA,NA,2018-12-31 00:00:00 UTC,181
2018,TRACT_AK_MN_2018.xlsx,Census Tract,DE Delaware,DE Delaware 003 New Castle County 10003002100,7,Public Housing,2,NA,DE Delaware New Castle County 002100,10003002100,20,71,14,100,4,21,3.5,49,335,736,13602,3886,,11,22,11,56,50,,14,17,100,71,7,86,100,93,14,,4,,93,7,,,100,100,,,,,,,0,0,13,75,100,209,,14,86,14,52,95,8,NA,37980,77580,NA,NA,DE,NA,NA,2018-12-31 00:00:00 UTC,14
2018,TRACT_AK_MN_2018.xlsx,Census Tract,DE Delaware,DE Delaware 003 New Castle County 10003002200,7,Public Housing,2,NA,DE Delaware New Castle County 002200,10003002200,20,69,14,100,3,14,3.1,43,348,736,14522,4728,9,27,9,,55,50,,29,19,100,71,,64,100,64,25,100,19,21,50,14,14,,100,93,,,,,7,,7,0,14,143,100,196,,36,64,21,43,95,13,NA,37980,77580,NA,NA,DE,NA,NA,2018-12-31 00:00:00 UTC,14
2018,TRACT_AK_MN_2018.xlsx,Census Tract,DE Delaware,DE Delaware 003 New Castle County 10003002300,7,Public Housing,2,NA,DE Delaware New Castle County 002300,10003002300,10,,,,,,,,,,,,,,,,,,,,,,,,,,,,,,,,,,,,,,,,,,,,,,,,,,,,,,,,NA,37980,77580,NA,NA,DE,NA,NA,2018-12-31 00:00:00 UTC,
2018,TRACT_AK_MN_2018.xlsx,Census Tract,DE Delaware,DE Delaware 003 New Castle County 10003002400,7,Public Housing,2,NA,DE Delaware New Castle County 002400,10003002400,7,,,,,,,,,,,,,,,,,,,,,,,,,,,,,,,,,,,,,,,,,,,,,,,,,,,,,,,,NA,37980,77580,NA,NA,DE,NA,NA,2018-12-31 00:00:00 UTC,
2018,TRACT_AK_MN_2018.xlsx,Census Tract,DE Delaware,DE Delaware 003 New Castle County 10003002500,7,Public Housing,2,NA,DE Delaware New Castle County 002500,10003002500,3,,,,,,,,,,,,,,,,,,,,,,,,,,,,,,,,,,,,,,,,,,,,,,,,,,,,,,,,NA,37980,77580,NA,NA,DE,NA,NA,2018-12-31 00:00:00 UTC,
2018,TRACT_AK_MN_2018.xlsx,Census Tract,DE Delaware,DE Delaware 003 New Castle County 10003002600,7,Public Housing,2,NA,DE Delaware New Castle County 002600,10003002600,17,70,12,100,5,17,3,36,504,736,23270,7757,8,8,,25,58,83,8,8,30,92,58,,67,100,67,,50,11,,67,17,17,,100,92,,,,,8,,8,0,12,141,92,194,8,25,67,17,30,81,13,NA,37980,77580,NA,NA,DE,NA,NA,2018-12-31 00:00:00 UTC,12
2018,TRACT_AK_MN_2018.xlsx,Census Tract,DE Delaware,DE Delaware 003 New Castle County 10003002800,7,Public Housing,2,NA,DE Delaware New Castle County 002800,10003002800,1,,,,,,,,,,,,,,,,,,,,,,,,,,,,,,,,,,,,,,,,,,,,,,,,,,,,,,,,NA,37980,77580,NA,NA,DE,NA,NA,2018-12-31 00:00:00 UTC,
2018,TRACT_AK_MN_2018.xlsx,Census Tract,DE Delaware,DE Delaware 003 New Castle County 10003002900,7,Public Housing,2,NA,DE Delaware New Castle County 002900,10003002900,337,99,334,100,5,9,1.2,410,282,736,12427,10123,8,44,27,10,11,21,5,71,20,96,88,,8,57,7,63,81,59,3,23,40,34,1,96,90,1,,4,0,5,0,5,0,12,114,1,212,88,7,4,2,59,96,4,NA,37980,77580,NA,NA,DE,NA,NA,2018-12-31 00:00:00 UTC,334
2018,TRACT_AK_MN_2018.xlsx,Census Tract,DE Delaware,DE Delaware 003 New Castle County 10003003002,7,Public Housing,2,NA,DE Delaware New Castle County 003002,10003003002,301,91,270,99,5,10,2.9,788,265,736,11204,3839,16,21,20,24,19,44,8,26,15,98,89,5,74,89,73,14,80,10,11,71,12,6,,94,90,,,6,,3,1,4,0,15,108,98,163,10,44,46,10,47,83,3,NA,37980,77580,NA,NA,DE,NA,NA,2018-12-31 00:00:00 UTC,274
2018,TRACT_AK_MN_2018.xlsx,Census Tract,DE Delaware,DE Delaware 003 New Castle County 10003010502,7,Public Housing,2,NA,DE Delaware New Castle County 010502,10003010502,1,,,,,,,,,,,,,,,,,,,,,,,,,,,,,,,,,,,,,,,,,,,,,,,,,,,,,,,,NA,37980,99999,NA,NA,DE,NA,NA,2018-12-31 00:00:00 UTC,
2018,TRACT_AK_MN_2018.xlsx,Census Tract,DE Delaware,DE Delaware 003 New Castle County 10003013610,7,Public Housing,2,NA,DE Delaware New Castle County 013610,10003013610,42,98,41,100,3,2,3.3,137,338,532,15083,4514,18,11,24,13,34,59,2,32,19,100,76,2,80,93,78,10,50,5,10,80,5,5,,95,85,2,,5,2,5,,7,0,49,36,100,104,15,27,59,5,5,16,69,NA,37980,99999,NA,NA,DE,NA,NA,2018-12-31 00:00:00 UTC,41
2018,TRACT_AK_MN_2018.xlsx,Census Tract,DE Delaware,DE Delaware 003 New Castle County 10003014300,7,Public Housing,2,NA,DE Delaware New Castle County 014300,10003014300,2,,,,,,,,,,,,,,,,,,,,,,,,,,,,,,,,,,,,,,,,,,,,,,,,,,,,,,,,NA,37980,50670,NA,NA,DE,NA,NA,2018-12-31 00:00:00 UTC,
2018,TRACT_AK_MN_2018.xlsx,Census Tract,DE Delaware,DE Delaware 003 New Castle County 10003014403,7,Public Housing,2,NA,DE Delaware New Castle County 014403,10003014403,7,,,,,,,,,,,,,,,,,,,,,,,,,,,,,,,,,,,,,,,,,,,,,,,,,,,,,,,,NA,37980,50670,NA,NA,DE,NA,NA,2018-12-31 00:00:00 UTC,
2018,TRACT_AK_MN_2018.xlsx,Census Tract,DE Delaware,DE Delaware 003 New Castle County 10003014502,7,Public Housing,2,NA,DE Delaware New Castle County 014502,10003014502,47,96,45,100,6,16,1.4,61,418,532,17721,13073,2,18,31,24,24,13,,87,27,93,69,2,9,73,11,33,61,41,2,11,7,80,7,56,49,,,44,2,4,,7,0,36,115,100,78,80,16,4,,64,15,30,NA,37980,50670,NA,NA,DE,NA,NA,2018-12-31 00:00:00 UTC,45
2018,TRACT_AK_MN_2018.xlsx,Census Tract,DE Delaware,DE Delaware 003 New Castle County 10003016601,7,Public Housing,2,NA,DE Delaware New Castle County 016601,10003016601,24,100,24,100,5,,1.1,26,375,837,18148,16752,,21,25,25,29,4,,96,29,83,71,,,71,,11,20,12,79,,,21,,29,29,,,71,,,,0,0,,92,100,128,100,,,,4,27,70,NA,37980,47030,NA,NA,DE,NA,NA,2018-12-31 00:00:00 UTC,24
2018,TRACT_AK_MN_2018.xlsx,Census Tract,DE Delaware,DE Delaware 003 New Castle County 10003999999,7,Public Housing,2,NA,DE Delaware New Castle County 999999,10003999999,1,,,,,,,,,,,,,,,,,,,,,,,,,,,,,,,,,,,,,,,,,,,,,,,,,,,,,,,,NA,37980,24540,NA,NA,DE,NA,NA,2018-12-31 00:00:00 UTC,
2018,TRACT_AK_MN_2018.xlsx,Census Tract,DE Delaware,DE Delaware 005 Sussex County 10005050104,7,Public Housing,2,NA,DE Delaware Sussex County 050104,10005050104,1,,,,,,,,,,,,,,,,,,,,,,,,,,,,,,,,,,,,,,,,,,,,,,,,,,,,,,,,NA,41540,47420,NA,NA,DE,NA,NA,2018-12-31 00:00:00 UTC,
2018,TRACT_AK_MN_2018.xlsx,Census Tract,DE Delaware,DE Delaware 005 Sussex County 10005050301,7,Public Housing,2,NA,DE Delaware Sussex County 050301,10005050301,50,96,48,100,5,8,2.4,113,336,837,17090,7259,4,26,26,11,34,48,2,48,30,85,65,4,63,85,63,46,86,26,6,60,21,13,,75,73,,2,23,,,,0,0,,68,100,150,,81,19,15,26,29,74,NA,41540,08680,NA,NA,DE,NA,NA,2018-12-31 00:00:00 UTC,48
2018,TRACT_AK_MN_2018.xlsx,Census Tract,DE Delaware,DE Delaware 005 Sussex County 10005051003,7,Public Housing,2,NA,DE Delaware Sussex County 051003,10005051003,51,98,50,100,7,4,3.4,169,352,837,16653,4927,10,13,29,25,23,50,10,36,26,90,72,6,74,90,74,40,67,15,,78,16,6,,54,54,,,42,,,,0,0,,67,100,240,,28,72,16,5,18,52,NA,41540,99999,NA,NA,DE,NA,NA,2018-12-31 00:00:00 UTC,50
2018,TRACT_AK_MN_2018.xlsx,Census Tract,DE Delaware,DE Delaware 005 Sussex County 10005999999,7,Public Housing,2,NA,DE Delaware Sussex County 999999,10005999999,54,94,51,100,5,20,3.2,161,425,837,20268,6420,,10,24,27,39,65,,31,32,80,53,10,67,86,73,19,67,9,10,71,14,6,,63,61,,,37,,2,,2,0,,57,100,188,,45,55,8,6,8,68,NA,41540,99999,NA,NA,DE,NA,NA,2018-12-31 00:00:00 UTC,51
2019,TRACT_AK_MN_2019.xlsx,Census Tract,DE Delaware,DE Delaware 001 Kent County 10001040201,7,Public Housing,2,NA,DE Delaware Kent County 040201,10001040201,33,98,32,100,3,,1.1,34,279,933,12082,11372,13,25,41,13,9,,3,97,25,94,78,,,53,,81,73,74,19,16,31,34,,63,59,,,38,,,3,3,0,,92,100,147,100,,,,14,30,51,NA,20100,15440,NA,NA,DE,NA,NA,2019-12-31 00:00:00 UTC,32
2019,TRACT_AK_MN_2019.xlsx,Census Tract,DE Delaware,DE Delaware 001 Kent County 10001040203,7,Public Housing,2,NA,DE Delaware Kent County 040203,10001040203,51,92,47,100,4,6,2.8,132,351,933,18703,6659,9,21,23,15,32,30,4,66,32,79,62,6,51,83,53,50,100,25,9,60,28,4,,79,72,,,21,,4,2,6,2,,66,100,162,26,34,40,4,13,40,51,NA,20100,XXXXX,NA,NA,DE,NA,NA,2019-12-31 00:00:00 UTC,47
2019,TRACT_AK_MN_2019.xlsx,Census Tract,DE Delaware,DE Delaware 001 Kent County 10001040501,7,Public Housing,2,NA,DE Delaware Kent County 040501,10001040501,30,97,29,100,5,21,3,86,527,504,25776,8692,4,,19,19,59,66,3,24,42,69,34,,76,90,72,22,50,14,3,76,14,7,,93,79,3,,7,7,3,,10,0,26,80,100,134,,38,62,14,14,56,63,NA,20100,21200,NA,NA,DE,NA,NA,2019-12-31 00:00:00 UTC,29
2019,TRACT_AK_MN_2019.xlsx,Census Tract,DE Delaware,DE Delaware 001 Kent County 10001041000,7,Public Housing,2,NA,DE Delaware Kent County 041000,10001041000,84,97,82,100,5,12,3.2,263,331,504,14341,4471,18,25,16,10,32,41,10,38,24,89,71,4,72,90,71,18,100,10,2,76,15,7,,89,85,,,11,4,,,4,0,36,72,11,145,10,37,54,13,16,55,45,NA,20100,21200,NA,NA,DE,NA,NA,2019-12-31 00:00:00 UTC,81
2019,TRACT_AK_MN_2019.xlsx,Census Tract,DE Delaware,DE Delaware 001 Kent County 10001041300,7,Public Housing,2,NA,DE Delaware Kent County 041300,10001041300,56,96,54,100,5,13,2.9,154,317,504,13771,4829,4,26,26,23,21,48,,39,23,91,76,2,70,96,69,26,100,12,6,70,17,7,2,94,87,,,6,7,,,7,0,44,91,,,,39,61,17,28,56,49,NA,20100,21200,NA,NA,DE,NA,NA,2019-12-31 00:00:00 UTC,54
2019,TRACT_AK_MN_2019.xlsx,Census Tract,DE Delaware,DE Delaware 001 Kent County 10001041400,7,Public Housing,2,NA,DE Delaware Kent County 041400,10001041400,111,95,105,100,5,9,2.5,264,326,504,14214,5653,11,31,24,13,22,31,6,60,25,92,72,2,45,79,45,33,93,20,3,48,24,26,,90,85,,,10,2,4,,6,1,22,116,55,68,43,10,47,10,26,64,42,NA,20100,21200,NA,NA,DE,NA,NA,2019-12-31 00:00:00 UTC,105
2019,TRACT_AK_MN_2019.xlsx,Census Tract,DE Delaware,DE Delaware 001 Kent County 10001041500,7,Public Housing,2,NA,DE Delaware Kent County 041500,10001041500,1,,,,,,,,,,,,,,,,,,,,,,,,,,,,,,,,,,,,,,,,,,,,,,,,,,,,,,,,NA,20100,21200,NA,NA,DE,NA,NA,2019-12-31 00:00:00 UTC,
2019,TRACT_AK_MN_2019.xlsx,Census Tract,DE Delaware,DE Delaware 001 Kent County 10001041600,7,Public Housing,2,NA,DE Delaware Kent County 041600,10001041600,6,,,,,,,,,,,,,,,,,,,,,,,,,,,,,,,,,,,,,,,,,,,,,,,,,,,,,,,,NA,20100,38710,NA,NA,DE,NA,NA,2019-12-31 00:00:00 UTC,
2019,TRACT_AK_MN_2019.xlsx,Census Tract,DE Delaware,DE Delaware 001 Kent County 10001041701,7,Public Housing,2,NA,DE Delaware Kent County 041701,10001041701,3,,,,,,,,,,,,,,,,,,,,,,,,,,,,,,,,,,,,,,,,,,,,,,,,,,,,,,,,NA,20100,XXXXX,NA,NA,DE,NA,NA,2019-12-31 00:00:00 UTC,
2019,TRACT_AK_MN_2019.xlsx,Census Tract,DE Delaware,DE Delaware 001 Kent County 10001042201,7,Public Housing,2,NA,DE Delaware Kent County 042201,10001042201,54,94,51,100,7,10,3.5,180,430,933,21824,6184,2,22,24,12,41,43,2,53,34,82,61,12,55,86,63,42,75,16,4,57,24,16,,84,73,,,16,6,4,2,12,0,,70,100,172,12,14,75,25,10,37,68,NA,20100,XXXXX,NA,NA,DE,NA,NA,2019-12-31 00:00:00 UTC,51
2019,TRACT_AK_MN_2019.xlsx,Census Tract,DE Delaware,DE Delaware 001 Kent County 10001042202,7,Public Housing,2,NA,DE Delaware Kent County 042202,10001042202,1,,,,,,,,,,,,,,,,,,,,,,,,,,,,,,,,,,,,,,,,,,,,,,,,,,,,,,,,NA,20100,XXXXX,NA,NA,DE,NA,NA,2019-12-31 00:00:00 UTC,
2019,TRACT_AK_MN_2019.xlsx,Census Tract,DE Delaware,DE Delaware 001 Kent County 10001042500,7,Public Housing,2,NA,DE Delaware Kent County 042500,10001042500,2,,,,,,,,,,,,,,,,,,,,,,,,,,,,,,,,,,,,,,,,,,,,,,,,,,,,,,,,NA,20100,47420,NA,NA,DE,NA,NA,2019-12-31 00:00:00 UTC,
2019,TRACT_AK_MN_2019.xlsx,Census Tract,DE Delaware,DE Delaware 001 Kent County 10001043000,7,Public Housing,2,NA,DE Delaware Kent County 043000,10001043000,72,94,68,100,4,15,3.1,214,356,933,17899,5688,11,15,18,15,41,40,4,46,30,84,59,7,65,87,63,41,100,15,1,74,18,7,,90,87,,,10,,3,,3,0,,58,100,159,6,34,60,12,19,27,69,NA,20100,XXXXX,NA,NA,DE,NA,NA,2019-12-31 00:00:00 UTC,68
2019,TRACT_AK_MN_2019.xlsx,Census Tract,DE Delaware,DE Delaware 001 Kent County 10001043300,7,Public Housing,2,NA,DE Delaware Kent County 043300,10001043300,1,,,,,,,,,,,,,,,,,,,,,,,,,,,,,,,,,,,,,,,,,,,,,,,,,,,,,,,,NA,20100,21200,NA,NA,DE,NA,NA,2019-12-31 00:00:00 UTC,
2019,TRACT_AK_MN_2019.xlsx,Census Tract,DE Delaware,DE Delaware 003 New Castle County 10003000200,7,Public Housing,2,NA,DE Delaware New Castle County 000200,10003000200,28,93,26,100,6,15,3.7,95,341,720,14505,3970,24,10,19,5,43,35,8,38,17,96,73,12,73,92,77,10,80,12,8,62,12,19,4,92,77,,,8,,15,,15,0,,136,42,198,,8,92,15,19,84,24,NA,37980,77580,NA,NA,DE,NA,NA,2019-12-31 00:00:00 UTC,26
2019,TRACT_AK_MN_2019.xlsx,Census Tract,DE Delaware,DE Delaware 003 New Castle County 10003000300,7,Public Housing,2,NA,DE Delaware New Castle County 000300,10003000300,38,87,33,100,6,3,3.3,110,458,720,23287,6986,13,22,13,9,44,55,6,36,29,85,64,6,61,94,64,15,50,10,3,58,21,18,3,97,79,,,3,,15,3,18,0,,202,88,195,,9,91,30,21,85,11,NA,37980,77580,NA,NA,DE,NA,NA,2019-12-31 00:00:00 UTC,33
2019,TRACT_AK_MN_2019.xlsx,Census Tract,DE Delaware,DE Delaware 003 New Castle County 10003000400,7,Public Housing,2,NA,DE Delaware New Castle County 000400,10003000400,115,98,113,100,6,3,1.3,150,327,720,14025,10566,1,38,28,19,15,12,,87,21,98,88,1,4,65,4,61,60,49,1,4,23,73,5,93,88,,1,7,,4,,4,0,10,200,12,217,84,4,12,10,20,58,11,NA,37980,77580,NA,NA,DE,NA,NA,2019-12-31 00:00:00 UTC,113
2019,TRACT_AK_MN_2019.xlsx,Census Tract,DE Delaware,DE Delaware 003 New Castle County 10003000500,7,Public Housing,2,NA,DE Delaware New Castle County 000500,10003000500,62,94,59,100,5,12,2.6,154,433,720,19918,7631,12,18,16,14,40,49,3,44,26,85,68,10,51,81,54,31,70,19,2,59,22,17,2,95,88,,2,5,,5,,5,0,11,103,32,221,22,2,76,27,26,94,5,NA,37980,77580,NA,NA,DE,NA,NA,2019-12-31 00:00:00 UTC,58
2019,TRACT_AK_MN_2019.xlsx,Census Tract,DE Delaware,DE Delaware 003 New Castle County 10003000601,7,Public Housing,2,NA,DE Delaware New Castle County 000601,10003000601,83,96,79,100,4,5,3,234,557,720,29239,9871,8,9,11,9,63,62,1,35,37,76,42,13,54,96,66,6,20,4,1,70,16,13,1,99,97,,,1,1,,,1,1,31,120,94,143,,20,80,25,26,95,7,NA,37980,77580,NA,NA,DE,NA,NA,2019-12-31 00:00:00 UTC,80
2019,TRACT_AK_MN_2019.xlsx,Census Tract,DE Delaware,DE Delaware 003 New Castle County 10003000602,7,Public Housing,2,NA,DE Delaware New Castle County 000602,10003000602,162,98,158,100,6,11,1.3,211,302,720,12624,9453,8,39,23,13,18,25,5,61,19,97,87,1,11,65,10,49,80,46,6,30,32,32,1,93,88,1,,7,1,4,,4,0,18,100,6,208,84,11,6,3,40,94,15,NA,37980,77580,NA,NA,DE,NA,NA,2019-12-31 00:00:00 UTC,159
2019,TRACT_AK_MN_2019.xlsx,Census Tract,DE Delaware,DE Delaware 003 New Castle County 10003000900,7,Public Housing,2,NA,DE Delaware New Castle County 000900,10003000900,28,68,19,100,6,5,2.8,54,307,720,13903,4892,13,20,27,7,33,37,,42,19,95,79,5,63,89,63,15,67,15,5,58,5,32,,95,79,5,,5,,11,,11,0,5,199,95,196,,37,63,32,23,97,4,NA,37980,77580,NA,NA,DE,NA,NA,2019-12-31 00:00:00 UTC,19
2019,TRACT_AK_MN_2019.xlsx,Census Tract,DE Delaware,DE Delaware 003 New Castle County 10003001100,7,Public Housing,2,NA,DE Delaware New Castle County 001100,10003001100,65,100,65,100,5,9,1,67,417,720,18349,17801,,9,32,20,38,2,,98,29,95,62,,,83,,,6,6,,,,100,6,80,65,2,,20,3,11,,14,0,44,58,100,64,97,3,,,14,22,1,NA,37980,77580,NA,NA,DE,NA,NA,2019-12-31 00:00:00 UTC,65
2019,TRACT_AK_MN_2019.xlsx,Census Tract,DE Delaware,DE Delaware 003 New Castle County 10003001200,7,Public Housing,2,NA,DE Delaware New Castle County 001200,10003001200,3,,,,,,,,,,,,,,,,,,,,,,,,,,,,,,,,,,,,,,,,,,,,,,,,,,,,,,,,NA,37980,77580,NA,NA,DE,NA,NA,2019-12-31 00:00:00 UTC,
2019,TRACT_AK_MN_2019.xlsx,Census Tract,DE Delaware,DE Delaware 003 New Castle County 10003001400,7,Public Housing,2,NA,DE Delaware New Castle County 001400,10003001400,3,,,,,,,,,,,,,,,,,,,,,,,,,,,,,,,,,,,,,,,,,,,,,,,,,,,,,,,,NA,37980,77580,NA,NA,DE,NA,NA,2019-12-31 00:00:00 UTC,
2019,TRACT_AK_MN_2019.xlsx,Census Tract,DE Delaware,DE Delaware 003 New Castle County 10003001500,7,Public Housing,2,NA,DE Delaware New Castle County 001500,10003001500,7,,,,,,,,,,,,,,,,,,,,,,,,,,,,,,,,,,,,,,,,,,,,,,,,,,,,,,,,NA,37980,77580,NA,NA,DE,NA,NA,2019-12-31 00:00:00 UTC,
2019,TRACT_AK_MN_2019.xlsx,Census Tract,DE Delaware,DE Delaware 003 New Castle County 10003001600,7,Public Housing,2,NA,DE Delaware New Castle County 001600,10003001600,19,68,13,100,4,15,2.9,38,303,720,12794,4377,18,27,27,,27,46,8,31,16,100,85,,69,85,62,17,100,11,,77,15,8,,100,92,,,,,8,,8,0,15,118,100,183,15,46,38,15,34,84,2,NA,37980,77580,NA,NA,DE,NA,NA,2019-12-31 00:00:00 UTC,13
2019,TRACT_AK_MN_2019.xlsx,Census Tract,DE Delaware,DE Delaware 003 New Castle County 10003001902,7,Public Housing,2,NA,DE Delaware New Castle County 001902,10003001902,181,97,175,100,5,13,2.6,456,333,720,14562,5589,15,21,15,18,30,53,2,39,19,97,80,2,70,89,67,17,80,11,7,71,14,8,,98,94,,,2,,3,1,4,0,22,101,96,113,19,45,35,8,33,81,7,NA,37980,77580,NA,NA,DE,NA,NA,2019-12-31 00:00:00 UTC,176
2019,TRACT_AK_MN_2019.xlsx,Census Tract,DE Delaware,DE Delaware 003 New Castle County 10003002100,7,Public Housing,2,NA,DE Delaware New Castle County 002100,10003002100,19,70,13,100,5,,3.4,44,452,720,19526,5769,10,,20,,70,62,,15,24,92,62,8,85,100,92,8,,2,,92,8,,,100,100,,,,,,,0,0,,88,92,204,,15,85,15,50,95,9,NA,37980,77580,NA,NA,DE,NA,NA,2019-12-31 00:00:00 UTC,13
2019,TRACT_AK_MN_2019.xlsx,Census Tract,DE Delaware,DE Delaware 003 New Castle County 10003002200,7,Public Housing,2,NA,DE Delaware New Castle County 002200,10003002200,21,68,14,100,4,7,3.1,43,424,720,20077,6537,,8,31,15,46,71,,21,26,93,64,,64,100,64,25,100,16,7,64,14,14,,100,93,,,,,7,,7,0,135,151,86,201,,36,64,21,43,95,8,NA,37980,77580,NA,NA,DE,NA,NA,2019-12-31 00:00:00 UTC,14
2019,TRACT_AK_MN_2019.xlsx,Census Tract,DE Delaware,DE Delaware 003 New Castle County 10003002300,7,Public Housing,2,NA,DE Delaware New Castle County 002300,10003002300,10,,,,,,,,,,,,,,,,,,,,,,,,,,,,,,,,,,,,,,,,,,,,,,,,,,,,,,,,NA,37980,77580,NA,NA,DE,NA,NA,2019-12-31 00:00:00 UTC,
2019,TRACT_AK_MN_2019.xlsx,Census Tract,DE Delaware,DE Delaware 003 New Castle County 10003002400,7,Public Housing,2,NA,DE Delaware New Castle County 002400,10003002400,7,,,,,,,,,,,,,,,,,,,,,,,,,,,,,,,,,,,,,,,,,,,,,,,,,,,,,,,,NA,37980,77580,NA,NA,DE,NA,NA,2019-12-31 00:00:00 UTC,
2019,TRACT_AK_MN_2019.xlsx,Census Tract,DE Delaware,DE Delaware 003 New Castle County 10003002500,7,Public Housing,2,NA,DE Delaware New Castle County 002500,10003002500,3,,,,,,,,,,,,,,,,,,,,,,,,,,,,,,,,,,,,,,,,,,,,,,,,,,,,,,,,NA,37980,77580,NA,NA,DE,NA,NA,2019-12-31 00:00:00 UTC,
2019,TRACT_AK_MN_2019.xlsx,Census Tract,DE Delaware,DE Delaware 003 New Castle County 10003002600,7,Public Housing,2,NA,DE Delaware New Castle County 002600,10003002600,17,69,12,100,6,8,3,36,472,720,21497,7166,,9,18,18,55,67,,25,28,92,50,,67,100,67,,33,14,,67,8,25,,100,92,,,,,8,,8,0,7,147,92,194,8,25,67,17,22,81,9,NA,37980,77580,NA,NA,DE,NA,NA,2019-12-31 00:00:00 UTC,12
2019,TRACT_AK_MN_2019.xlsx,Census Tract,DE Delaware,DE Delaware 003 New Castle County 10003002800,7,Public Housing,2,NA,DE Delaware New Castle County 002800,10003002800,1,,,,,,,,,,,,,,,,,,,,,,,,,,,,,,,,,,,,,,,,,,,,,,,,,,,,,,,,NA,37980,77580,NA,NA,DE,NA,NA,2019-12-31 00:00:00 UTC,
2019,TRACT_AK_MN_2019.xlsx,Census Tract,DE Delaware,DE Delaware 003 New Castle County 10003002900,7,Public Housing,2,NA,DE Delaware New Castle County 002900,10003002900,337,97,327,100,6,9,1.2,408,278,720,11921,9554,9,44,26,9,12,19,7,68,18,97,88,0,9,57,8,63,77,57,4,24,38,34,2,96,91,1,,4,0,4,0,5,0,19,116,2,212,88,8,5,2,47,96,3,NA,37980,77580,NA,NA,DE,NA,NA,2019-12-31 00:00:00 UTC,327
2019,TRACT_AK_MN_2019.xlsx,Census Tract,DE Delaware,DE Delaware 003 New Castle County 10003003002,7,Public Housing,2,NA,DE Delaware New Castle County 003002,10003003002,300,93,278,100,5,13,3,828,263,720,11198,3760,25,22,19,16,19,46,8,34,14,97,90,5,73,86,71,12,80,9,10,73,12,5,,95,90,,,5,0,4,1,5,0,21,106,97,162,11,43,46,10,47,83,5,NA,37980,77580,NA,NA,DE,NA,NA,2019-12-31 00:00:00 UTC,279
2019,TRACT_AK_MN_2019.xlsx,Census Tract,DE Delaware,DE Delaware 003 New Castle County 10003010502,7,Public Housing,2,NA,DE Delaware New Castle County 010502,10003010502,1,,,,,,,,,,,,,,,,,,,,,,,,,,,,,,,,,,,,,,,,,,,,,,,,,,,,,,,,NA,37980,XXXXX,NA,NA,DE,NA,NA,2019-12-31 00:00:00 UTC,
2019,TRACT_AK_MN_2019.xlsx,Census Tract,DE Delaware,DE Delaware 003 New Castle County 10003014300,7,Public Housing,2,NA,DE Delaware New Castle County 014300,10003014300,2,,,,,,,,,,,,,,,,,,,,,,,,,,,,,,,,,,,,,,,,,,,,,,,,,,,,,,,,NA,37980,50670,NA,NA,DE,NA,NA,2019-12-31 00:00:00 UTC,
2019,TRACT_AK_MN_2019.xlsx,Census Tract,DE Delaware,DE Delaware 003 New Castle County 10003014403,7,Public Housing,2,NA,DE Delaware New Castle County 014403,10003014403,7,,,,,,,,,,,,,,,,,,,,,,,,,,,,,,,,,,,,,,,,,,,,,,,,,,,,,,,,NA,37980,50670,NA,NA,DE,NA,NA,2019-12-31 00:00:00 UTC,
2019,TRACT_AK_MN_2019.xlsx,Census Tract,DE Delaware,DE Delaware 003 New Castle County 10003014501,7,Public Housing,2,NA,DE Delaware New Castle County 014501,10003014501,42,95,40,100,3,5,3.4,134,307,595,13837,4130,18,15,21,15,32,53,3,30,17,93,83,,80,95,78,11,50,5,,88,8,5,,95,88,3,,5,3,3,,5,0,4,46,100,104,15,25,60,3,64,15,15,NA,37980,50670,NA,NA,DE,NA,NA,2019-12-31 00:00:00 UTC,40
2019,TRACT_AK_MN_2019.xlsx,Census Tract,DE Delaware,DE Delaware 003 New Castle County 10003014502,7,Public Housing,2,NA,DE Delaware New Castle County 014502,10003014502,45,100,45,100,6,18,1.4,62,400,595,17235,12509,,13,31,31,24,13,,87,26,100,69,2,11,71,13,25,65,42,,13,4,82,7,58,51,,,42,2,4,,7,0,26,116,100,79,80,16,4,,65,15,26,NA,37980,50670,NA,NA,DE,NA,NA,2019-12-31 00:00:00 UTC,45
2019,TRACT_AK_MN_2019.xlsx,Census Tract,DE Delaware,DE Delaware 003 New Castle County 10003016601,7,Public Housing,2,NA,DE Delaware New Castle County 016601,10003016601,23,98,23,100,5,9,1.1,25,380,933,18444,16968,,26,13,35,26,4,,96,29,83,70,,,78,,6,29,12,70,,,30,,30,30,,,70,,,,0,0,,89,100,143,100,,,,1,27,69,NA,37980,47030,NA,NA,DE,NA,NA,2019-12-31 00:00:00 UTC,23
2019,TRACT_AK_MN_2019.xlsx,Census Tract,DE Delaware,DE Delaware 003 New Castle County 10003999999,7,Public Housing,2,NA,DE Delaware New Castle County 999999,10003999999,1,,,,,,,,,,,,,,,,,,,,,,,,,,,,,,,,,,,,,,,,,,,,,,,,,,,,,,,,NA,37980,24540,NA,NA,DE,NA,NA,2019-12-31 00:00:00 UTC,
2019,TRACT_AK_MN_2019.xlsx,Census Tract,DE Delaware,DE Delaware 005 Sussex County 10005050104,7,Public Housing,2,NA,DE Delaware Sussex County 050104,10005050104,1,,,,,,,,,,,,,,,,,,,,,,,,,,,,,,,,,,,,,,,,,,,,,,,,,,,,,,,,NA,41540,47420,NA,NA,DE,NA,NA,2019-12-31 00:00:00 UTC,
2019,TRACT_AK_MN_2019.xlsx,Census Tract,DE Delaware,DE Delaware 005 Sussex County 10005050301,7,Public Housing,2,NA,DE Delaware Sussex County 050301,10005050301,50,96,48,100,5,10,2.4,117,401,933,21849,8964,2,15,17,17,50,60,2,38,36,77,44,2,67,90,69,39,86,22,4,67,17,13,,75,73,,2,23,,,,0,0,,71,100,139,,81,19,10,25,29,76,NA,41540,08680,NA,NA,DE,NA,NA,2019-12-31 00:00:00 UTC,48
2019,TRACT_AK_MN_2019.xlsx,Census Tract,DE Delaware,DE Delaware 005 Sussex County 10005051003,7,Public Housing,2,NA,DE Delaware Sussex County 051003,10005051003,51,98,50,100,7,12,3.4,170,441,933,18790,5526,4,12,20,28,36,56,4,40,28,92,62,6,74,92,76,43,83,18,,74,14,12,,54,54,,,42,,,,0,0,,70,100,233,,28,72,16,3,18,54,NA,41540,XXXXX,NA,NA,DE,NA,NA,2019-12-31 00:00:00 UTC,50
2019,TRACT_AK_MN_2019.xlsx,Census Tract,DE Delaware,DE Delaware 005 Sussex County 10005999999,7,Public Housing,2,NA,DE Delaware Sussex County 999999,10005999999,54,98,53,100,4,13,3.2,167,380,933,17492,5551,12,10,27,21,31,55,4,40,27,85,64,8,70,83,70,20,75,10,4,75,13,8,,62,60,,,38,,2,,2,0,,60,98,178,,47,53,8,4,8,70,NA,41540,XXXXX,NA,NA,DE,NA,NA,2019-12-31 00:00:00 UTC,53
2020,TRACT_AK_MN_2020.xlsx,Census Tract,DE Delaware,DE Delaware 001 Kent County 10001040501,7,Public Housing,2,NA,DE Delaware Kent County 040501,10001040501,30,96,29,100,8,7,3,86,462,508,21853,7369,8,4,20,12,56,38,3,45,37,72,48,,72,93,72,19,50,10,3,79,10,7,,93,83,3,,7,7,,,7,0,60,86,100,130,,34,66,17,14,56,63,NA,20100,21200,NA,NA,DE,NA,NA,2020-12-31 00:00:00 UTC,29
2020,TRACT_AK_MN_2020.xlsx,Census Tract,DE Delaware,DE Delaware 001 Kent County 10001041000,7,Public Housing,2,NA,DE Delaware Kent County 041000,10001041000,84,96,80,100,8,5,3.3,260,310,508,13356,4109,13,29,19,12,26,35,8,43,22,89,76,4,71,89,70,17,100,9,1,79,14,6,,89,84,,,11,4,1,,5,1,39,79,11,141,8,36,56,19,16,55,45,NA,20100,21200,NA,NA,DE,NA,NA,2020-12-31 00:00:00 UTC,81
2020,TRACT_AK_MN_2020.xlsx,Census Tract,DE Delaware,DE Delaware 001 Kent County 10001041300,7,Public Housing,2,NA,DE Delaware Kent County 041300,10001041300,57,93,53,100,9,15,2.9,152,276,508,11873,4140,14,23,23,14,26,25,6,51,20,96,74,2,70,96,68,27,100,13,6,68,17,9,2,96,89,,,4,8,,,8,0,57,95,,,,34,66,19,28,56,49,NA,20100,21200,NA,NA,DE,NA,NA,2020-12-31 00:00:00 UTC,53
2020,TRACT_AK_MN_2020.xlsx,Census Tract,DE Delaware,DE Delaware 001 Kent County 10001041400,7,Public Housing,2,NA,DE Delaware Kent County 041400,10001041400,110,95,105,100,9,6,2.5,259,333,508,14416,5844,11,31,22,14,22,30,6,62,26,92,70,1,42,79,42,30,92,19,3,48,26,24,1,91,86,,,9,2,4,,6,1,20,119,53,67,45,11,44,13,26,64,42,NA,20100,21200,NA,NA,DE,NA,NA,2020-12-31 00:00:00 UTC,104
2020,TRACT_AK_MN_2020.xlsx,Census Tract,DE Delaware,DE Delaware 001 Kent County 10001041500,7,Public Housing,2,NA,DE Delaware Kent County 041500,10001041500,3,,,,,,,,,,,,,,,,,,,,,,,,,,,,,,,,,,,,,,,,,,,,,,,,,,,,,,,,NA,20100,21200,NA,NA,DE,NA,NA,2020-12-31 00:00:00 UTC,
2020,TRACT_AK_MN_2020.xlsx,Census Tract,DE Delaware,DE Delaware 001 Kent County 10001041600,7,Public Housing,2,NA,DE Delaware Kent County 041600,10001041600,5,,,,,,,,,,,,,,,,,,,,,,,,,,,,,,,,,,,,,,,,,,,,,,,,,,,,,,,,NA,20100,38710,NA,NA,DE,NA,NA,2020-12-31 00:00:00 UTC,
2020,TRACT_AK_MN_2020.xlsx,Census Tract,DE Delaware,DE Delaware 001 Kent County 10001041701,7,Public Housing,2,NA,DE Delaware Kent County 041701,10001041701,2,,,,,,,,,,,,,,,,,,,,,,,,,,,,,,,,,,,,,,,,,,,,,,,,,,,,,,,,NA,20100,81350,NA,NA,DE,NA,NA,2020-12-31 00:00:00 UTC,
2020,TRACT_AK_MN_2020.xlsx,Census Tract,DE Delaware,DE Delaware 001 Kent County 10001042201,7,Public Housing,2,NA,DE Delaware Kent County 042201,10001042201,54,100,54,100,7,11,3.4,186,418,1397,21230,6164,6,20,20,15,39,33,2,63,33,81,56,9,54,87,59,47,82,18,2,52,26,20,,83,74,,,15,6,2,2,9,0,,75,100,164,11,15,74,24,10,37,68,NA,20100,61265,NA,NA,DE,NA,NA,2020-12-31 00:00:00 UTC,54
2020,TRACT_AK_MN_2020.xlsx,Census Tract,DE Delaware,DE Delaware 001 Kent County 10001042500,7,Public Housing,2,NA,DE Delaware Kent County 042500,10001042500,2,,,,,,,,,,,,,,,,,,,,,,,,,,,,,,,,,,,,,,,,,,,,,,,,,,,,,,,,NA,20100,47420,NA,NA,DE,NA,NA,2020-12-31 00:00:00 UTC,
2020,TRACT_AK_MN_2020.xlsx,Census Tract,DE Delaware,DE Delaware 001 Kent County 10001043000,7,Public Housing,2,NA,DE Delaware Kent County 043000,10001043000,73,86,63,100,5,13,3.2,203,327,1397,15445,4793,2,30,25,13,30,40,2,48,25,89,71,6,68,90,68,45,80,15,2,75,16,8,,89,84,,,11,,5,,5,0,,53,100,169,3,37,60,13,19,27,69,NA,20100,33120,NA,NA,DE,NA,NA,2020-12-31 00:00:00 UTC,63
2020,TRACT_AK_MN_2020.xlsx,Census Tract,DE Delaware,DE Delaware 001 Kent County 10001043300,7,Public Housing,2,NA,DE Delaware Kent County 043300,10001043300,1,,,,,,,,,,,,,,,,,,,,,,,,,,,,,,,,,,,,,,,,,,,,,,,,,,,,,,,,NA,20100,21200,NA,NA,DE,NA,NA,2020-12-31 00:00:00 UTC,
2020,TRACT_AK_MN_2020.xlsx,Census Tract,DE Delaware,DE Delaware 003 New Castle County 10003000200,7,Public Housing,2,NA,DE Delaware New Castle County 000200,10003000200,28,93,26,99,7,8,3.7,96,313,890,13113,3552,19,10,14,24,33,35,4,42,15,100,92,12,77,92,81,10,80,11,8,69,4,19,4,92,73,,,8,4,15,,19,0,,128,38,197,,8,92,8,19,84,24,NA,37980,77580,NA,NA,DE,NA,NA,2020-12-31 00:00:00 UTC,26
2020,TRACT_AK_MN_2020.xlsx,Census Tract,DE Delaware,DE Delaware 003 New Castle County 10003000300,7,Public Housing,2,NA,DE Delaware New Castle County 000300,10003000300,37,86,31,98,6,6,3.5,108,576,890,28463,8170,11,11,11,,68,58,3,29,33,81,45,10,65,94,71,15,60,11,3,65,16,16,,97,77,,,3,,16,3,19,3,,186,87,193,,10,90,23,21,85,11,NA,37980,77580,NA,NA,DE,NA,NA,2020-12-31 00:00:00 UTC,32
2020,TRACT_AK_MN_2020.xlsx,Census Tract,DE Delaware,DE Delaware 003 New Castle County 10003000400,7,Public Housing,2,NA,DE Delaware New Castle County 000400,10003000400,115,97,112,100,5,10,1.3,149,325,890,14000,10523,4,35,31,18,13,13,2,85,20,98,87,1,4,64,4,62,57,48,1,4,29,67,4,94,90,,1,6,,3,,3,0,15,180,12,213,84,4,13,10,20,58,11,NA,37980,77580,NA,NA,DE,NA,NA,2020-12-31 00:00:00 UTC,112
2020,TRACT_AK_MN_2020.xlsx,Census Tract,DE Delaware,DE Delaware 003 New Castle County 10003000500,7,Public Housing,2,NA,DE Delaware New Castle County 000500,10003000500,62,93,57,99,5,9,2.6,147,433,890,18242,7073,8,27,10,8,47,35,4,51,22,91,72,11,47,82,51,36,70,21,4,58,21,18,2,96,89,,2,4,,5,,5,0,11,108,32,220,23,,77,26,26,94,5,NA,37980,77580,NA,NA,DE,NA,NA,2020-12-31 00:00:00 UTC,58
2020,TRACT_AK_MN_2020.xlsx,Census Tract,DE Delaware,DE Delaware 003 New Castle County 10003000601,7,Public Housing,2,NA,DE Delaware New Castle County 000601,10003000601,83,96,79,100,5,3,3,237,557,890,29476,9825,8,9,15,5,63,61,,39,34,81,47,11,58,96,68,7,9,4,3,70,14,14,1,100,100,,,,,,,0,0,4,127,96,143,,20,80,23,26,95,7,NA,37980,77580,NA,NA,DE,NA,NA,2020-12-31 00:00:00 UTC,80
2020,TRACT_AK_MN_2020.xlsx,Census Tract,DE Delaware,DE Delaware 003 New Castle County 10003000602,7,Public Housing,2,NA,DE Delaware New Castle County 000602,10003000602,159,98,155,99,6,10,1.3,208,292,890,12457,9283,7,38,28,10,17,21,4,65,18,96,88,1,11,65,10,52,81,47,7,30,34,30,1,92,86,1,,8,1,5,,5,0,12,103,6,208,83,11,6,2,40,94,15,NA,37980,77580,NA,NA,DE,NA,NA,2020-12-31 00:00:00 UTC,156
2020,TRACT_AK_MN_2020.xlsx,Census Tract,DE Delaware,DE Delaware 003 New Castle County 10003000900,7,Public Housing,2,NA,DE Delaware New Castle County 000900,10003000900,30,68,20,99,7,10,3.1,61,344,890,15243,4998,17,22,11,11,39,40,5,45,19,95,80,5,70,85,65,13,60,13,5,60,10,25,,95,80,5,,5,,10,,10,0,8,173,95,198,,30,70,30,23,97,4,NA,37980,77580,NA,NA,DE,NA,NA,2020-12-31 00:00:00 UTC,20
2020,TRACT_AK_MN_2020.xlsx,Census Tract,DE Delaware,DE Delaware 003 New Castle County 10003001200,7,Public Housing,2,NA,DE Delaware New Castle County 001200,10003001200,3,,,,,,,,,,,,,,,,,,,,,,,,,,,,,,,,,,,,,,,,,,,,,,,,,,,,,,,,NA,37980,77580,NA,NA,DE,NA,NA,2020-12-31 00:00:00 UTC,
2020,TRACT_AK_MN_2020.xlsx,Census Tract,DE Delaware,DE Delaware 003 New Castle County 10003001400,7,Public Housing,2,NA,DE Delaware New Castle County 001400,10003001400,3,,,,,,,,,,,,,,,,,,,,,,,,,,,,,,,,,,,,,,,,,,,,,,,,,,,,,,,,NA,37980,77580,NA,NA,DE,NA,NA,2020-12-31 00:00:00 UTC,
2020,TRACT_AK_MN_2020.xlsx,Census Tract,DE Delaware,DE Delaware 003 New Castle County 10003001500,7,Public Housing,2,NA,DE Delaware New Castle County 001500,10003001500,7,,,,,,,,,,,,,,,,,,,,,,,,,,,,,,,,,,,,,,,,,,,,,,,,,,,,,,,,NA,37980,77580,NA,NA,DE,NA,NA,2020-12-31 00:00:00 UTC,
2020,TRACT_AK_MN_2020.xlsx,Census Tract,DE Delaware,DE Delaware 003 New Castle County 10003001600,7,Public Housing,2,NA,DE Delaware New Castle County 001600,10003001600,21,68,14,99,8,21,2.9,41,259,890,10581,3613,25,33,25,,17,36,14,36,13,100,93,,71,86,64,15,100,10,14,64,14,7,,100,93,,,,,7,,7,0,31,111,100,182,14,50,36,14,34,84,2,NA,37980,77580,NA,NA,DE,NA,NA,2020-12-31 00:00:00 UTC,14
2020,TRACT_AK_MN_2020.xlsx,Census Tract,DE Delaware,DE Delaware 003 New Castle County 10003001902,7,Public Housing,2,NA,DE Delaware New Castle County 001902,10003001902,181,98,177,100,6,11,2.7,471,313,890,13710,5152,15,25,16,15,29,42,2,45,17,97,86,3,70,90,70,17,80,12,6,71,12,11,,97,93,,,3,1,3,1,4,0,27,103,95,113,19,46,35,6,33,81,7,NA,37980,77580,NA,NA,DE,NA,NA,2020-12-31 00:00:00 UTC,177
2020,TRACT_AK_MN_2020.xlsx,Census Tract,DE Delaware,DE Delaware 003 New Castle County 10003002100,7,Public Housing,2,NA,DE Delaware New Castle County 002100,10003002100,17,70,12,99,9,8,3.5,42,408,890,21146,6042,30,10,10,,50,67,,17,24,92,67,8,83,100,92,8,,2,8,83,8,,,100,100,,,,,,,0,0,12,103,83,204,,17,83,17,50,95,9,NA,37980,77580,NA,NA,DE,NA,NA,2020-12-31 00:00:00 UTC,12
2020,TRACT_AK_MN_2020.xlsx,Census Tract,DE Delaware,DE Delaware 003 New Castle County 10003002200,7,Public Housing,2,NA,DE Delaware New Castle County 002200,10003002200,18,68,12,99,6,8,3.2,38,365,890,16397,5178,,20,20,10,50,33,8,42,20,92,75,,58,100,58,30,100,18,8,58,17,17,,100,92,,,,,8,,8,0,,178,92,201,,33,67,25,43,95,8,NA,37980,77580,NA,NA,DE,NA,NA,2020-12-31 00:00:00 UTC,12
2020,TRACT_AK_MN_2020.xlsx,Census Tract,DE Delaware,DE Delaware 003 New Castle County 10003002300,7,Public Housing,2,NA,DE Delaware New Castle County 002300,10003002300,10,,,,,,,,,,,,,,,,,,,,,,,,,,,,,,,,,,,,,,,,,,,,,,,,,,,,,,,,NA,37980,77580,NA,NA,DE,NA,NA,2020-12-31 00:00:00 UTC,
2020,TRACT_AK_MN_2020.xlsx,Census Tract,DE Delaware,DE Delaware 003 New Castle County 10003002400,7,Public Housing,2,NA,DE Delaware New Castle County 002400,10003002400,7,,,,,,,,,,,,,,,,,,,,,,,,,,,,,,,,,,,,,,,,,,,,,,,,,,,,,,,,NA,37980,77580,NA,NA,DE,NA,NA,2020-12-31 00:00:00 UTC,
2020,TRACT_AK_MN_2020.xlsx,Census Tract,DE Delaware,DE Delaware 003 New Castle County 10003002500,7,Public Housing,2,NA,DE Delaware New Castle County 002500,10003002500,3,,,,,,,,,,,,,,,,,,,,,,,,,,,,,,,,,,,,,,,,,,,,,,,,,,,,,,,,NA,37980,77580,NA,NA,DE,NA,NA,2020-12-31 00:00:00 UTC,
2020,TRACT_AK_MN_2020.xlsx,Census Tract,DE Delaware,DE Delaware 003 New Castle County 10003002600,7,Public Housing,2,NA,DE Delaware New Castle County 002600,10003002600,18,69,12,99,7,,2.9,35,422,890,18387,6304,,10,30,10,50,42,,42,23,83,83,,67,100,67,11,67,11,,58,17,25,,100,92,,,,,8,,8,0,,159,92,194,8,25,67,17,22,81,9,NA,37980,77580,NA,NA,DE,NA,NA,2020-12-31 00:00:00 UTC,12
2020,TRACT_AK_MN_2020.xlsx,Census Tract,DE Delaware,DE Delaware 003 New Castle County 10003002800,7,Public Housing,2,NA,DE Delaware New Castle County 002800,10003002800,1,,,,,,,,,,,,,,,,,,,,,,,,,,,,,,,,,,,,,,,,,,,,,,,,,,,,,,,,NA,37980,77580,NA,NA,DE,NA,NA,2020-12-31 00:00:00 UTC,
2020,TRACT_AK_MN_2020.xlsx,Census Tract,DE Delaware,DE Delaware 003 New Castle County 10003002900,7,Public Housing,2,NA,DE Delaware New Castle County 002900,10003002900,337,96,323,100,5,12,1.2,398,273,890,11729,9518,8,46,23,10,12,14,5,72,17,97,89,0,8,56,7,64,78,60,3,25,37,36,1,97,91,1,,3,1,4,0,5,0,15,112,1,214,89,7,5,2,47,96,3,NA,37980,77580,NA,NA,DE,NA,NA,2020-12-31 00:00:00 UTC,324
2020,TRACT_AK_MN_2020.xlsx,Census Tract,DE Delaware,DE Delaware 003 New Castle County 10003003002,7,Public Housing,2,NA,DE Delaware New Castle County 003002,10003003002,300,86,257,99,5,9,3.1,791,257,890,10953,3559,25,24,18,10,23,36,6,40,13,98,88,7,71,86,70,11,78,9,9,74,11,7,,95,87,,1,5,1,5,,7,0,20,112,97,165,10,40,50,11,47,83,5,NA,37980,77580,NA,NA,DE,NA,NA,2020-12-31 00:00:00 UTC,258
2020,TRACT_AK_MN_2020.xlsx,Census Tract,DE Delaware,DE Delaware 003 New Castle County 10003010502,7,Public Housing,2,NA,DE Delaware New Castle County 010502,10003010502,1,,,,,,,,,,,,,,,,,,,,,,,,,,,,,,,,,,,,,,,,,,,,,,,,,,,,,,,,NA,37980,99999,NA,NA,DE,NA,NA,2020-12-31 00:00:00 UTC,
2020,TRACT_AK_MN_2020.xlsx,Census Tract,DE Delaware,DE Delaware 003 New Castle County 10003014300,7,Public Housing,2,NA,DE Delaware New Castle County 014300,10003014300,2,,,,,,,,,,,,,,,,,,,,,,,,,,,,,,,,,,,,,,,,,,,,,,,,,,,,,,,,NA,37980,50670,NA,NA,DE,NA,NA,2020-12-31 00:00:00 UTC,
2020,TRACT_AK_MN_2020.xlsx,Census Tract,DE Delaware,DE Delaware 003 New Castle County 10003014403,7,Public Housing,2,NA,DE Delaware New Castle County 014403,10003014403,7,,,,,,,,,,,,,,,,,,,,,,,,,,,,,,,,,,,,,,,,,,,,,,,,,,,,,,,,NA,37980,50670,NA,NA,DE,NA,NA,2020-12-31 00:00:00 UTC,
2020,TRACT_AK_MN_2020.xlsx,Census Tract,DE Delaware,DE Delaware 003 New Castle County 10003014501,7,Public Housing,2,NA,DE Delaware New Castle County 014501,10003014501,42,98,41,100,3,7,3.3,137,271,743,10818,3237,18,18,18,14,32,37,2,29,13,100,85,,83,95,80,13,50,7,,88,7,5,,95,90,,,5,2,2,,5,0,72,54,100,104,12,29,59,2,64,15,15,NA,37980,50670,NA,NA,DE,NA,NA,2020-12-31 00:00:00 UTC,41
2020,TRACT_AK_MN_2020.xlsx,Census Tract,DE Delaware,DE Delaware 003 New Castle County 10003014502,7,Public Housing,2,NA,DE Delaware New Castle County 014502,10003014502,45,100,45,100,6,16,1.3,60,421,743,17940,13455,,16,31,22,31,11,,89,25,98,73,2,11,71,13,25,62,42,,13,4,82,4,53,42,2,,47,2,7,,9,0,30,103,100,77,80,16,4,4,65,15,26,NA,37980,50670,NA,NA,DE,NA,NA,2020-12-31 00:00:00 UTC,45
2020,TRACT_AK_MN_2020.xlsx,Census Tract,DE Delaware,DE Delaware 003 New Castle County 10003999999,7,Public Housing,2,NA,DE Delaware New Castle County 999999,10003999999,1,,,,,,,,,,,,,,,,,,,,,,,,,,,,,,,,,,,,,,,,,,,,,,,,,,,,,,,,NA,37980,24540,NA,NA,DE,NA,NA,2020-12-31 00:00:00 UTC,
2020,TRACT_AK_MN_2020.xlsx,Census Tract,DE Delaware,DE Delaware 005 Sussex County 10005050104,7,Public Housing,2,NA,DE Delaware Sussex County 050104,10005050104,2,,,,,,,,,,,,,,,,,,,,,,,,,,,,,,,,,,,,,,,,,,,,,,,,,,,,,,,,NA,41540,47420,NA,NA,DE,NA,NA,2020-12-31 00:00:00 UTC,
2020,TRACT_AK_MN_2020.xlsx,Census Tract,DE Delaware,DE Delaware 005 Sussex County 10005050301,7,Public Housing,2,NA,DE Delaware Sussex County 050301,10005050301,50,94,48,100,6,4,2.6,123,337,1397,18193,7100,,26,14,16,44,44,,46,28,85,60,2,67,85,67,38,88,22,2,69,15,15,,77,75,,2,21,,,,0,0,,81,100,132,,81,19,8,25,29,76,NA,41540,08680,NA,NA,DE,NA,NA,2020-12-31 00:00:00 UTC,47
2020,TRACT_AK_MN_2020.xlsx,Census Tract,DE Delaware,DE Delaware 005 Sussex County 10005051003,7,Public Housing,2,NA,DE Delaware Sussex County 051003,10005051003,51,100,51,100,7,4,3.4,173,397,1397,17721,5224,6,13,29,17,35,39,4,51,25,90,69,6,75,92,76,41,86,17,2,73,12,14,,51,51,,,43,,,,0,0,,78,100,234,,27,73,18,3,18,54,NA,41540,99999,NA,NA,DE,NA,NA,2020-12-31 00:00:00 UTC,51
2020,TRACT_AK_MN_2020.xlsx,Census Tract,DE Delaware,DE Delaware 005 Sussex County 10005999999,7,Public Housing,2,NA,DE Delaware Sussex County 999999,10005999999,54,100,54,100,7,7,3.1,169,447,1397,23192,7410,6,10,21,13,50,63,2,31,34,78,48,7,69,83,70,16,80,9,4,76,11,9,,63,61,,,37,,2,,2,0,,68,98,178,,46,54,7,4,8,70,NA,41540,99999,NA,NA,DE,NA,NA,2020-12-31 00:00:00 UTC,54
2021,TRACT_AK_MN_2021.xlsx,Census Tract,DE Delaware,DE Delaware 001 Kent County 10001040501,7,Public Housing,2,NA,DE Delaware Kent County 040501,10001040501,30,94,28,100,9,,2.9,82,411,557,19434,6636,13,17,17,4,50,36,,50,32,75,54,,68,93,68,19,50,10,,82,11,7,,93,82,4,,7,7,,,7,0,,96,100,124,,36,64,21,19,56,62,NA,20100,21200,NA,NA,DE,NA,NA,2021-12-31 00:00:00 UTC,28
2021,TRACT_AK_MN_2021.xlsx,Census Tract,DE Delaware,DE Delaware 001 Kent County 10001041000,7,Public Housing,2,NA,DE Delaware Kent County 041000,10001041000,84,94,79,100,9,6,3.1,243,381,557,16469,5354,17,20,17,7,39,41,4,46,28,84,61,3,66,89,65,21,100,11,3,76,14,8,,90,86,,,10,3,1,,4,1,49,84,11,134,10,35,54,22,21,55,39,NA,20100,21200,NA,NA,DE,NA,NA,2021-12-31 00:00:00 UTC,79
2021,TRACT_AK_MN_2021.xlsx,Census Tract,DE Delaware,DE Delaware 001 Kent County 10001041300,7,Public Housing,2,NA,DE Delaware Kent County 041300,10001041300,57,92,53,100,9,4,2.7,143,282,557,11769,4362,21,28,15,17,19,30,4,55,20,94,77,2,66,92,64,23,83,11,6,66,17,11,2,96,89,,,4,8,,,8,0,,104,,,,34,66,30,32,56,47,NA,20100,21200,NA,NA,DE,NA,NA,2021-12-31 00:00:00 UTC,52
2021,TRACT_AK_MN_2021.xlsx,Census Tract,DE Delaware,DE Delaware 001 Kent County 10001041400,7,Public Housing,2,NA,DE Delaware Kent County 041400,10001041400,110,93,102,100,9,10,2.5,257,322,557,14246,5654,11,29,23,13,24,25,7,60,25,93,70,1,45,80,45,27,90,16,3,51,26,20,1,89,82,,,11,2,5,,7,1,39,114,54,64,45,9,46,12,26,64,43,NA,20100,21200,NA,NA,DE,NA,NA,2021-12-31 00:00:00 UTC,102
2021,TRACT_AK_MN_2021.xlsx,Census Tract,DE Delaware,DE Delaware 001 Kent County 10001041500,7,Public Housing,2,NA,DE Delaware Kent County 041500,10001041500,2,,,,,,,,,,,,,,,,,,,,,,,,,,,,,,,,,,,,,,,,,,,,,,,,,,,,,,,,NA,20100,21200,NA,NA,DE,NA,NA,2021-12-31 00:00:00 UTC,
2021,TRACT_AK_MN_2021.xlsx,Census Tract,DE Delaware,DE Delaware 001 Kent County 10001041600,7,Public Housing,2,NA,DE Delaware Kent County 041600,10001041600,4,,,,,,,,,,,,,,,,,,,,,,,,,,,,,,,,,,,,,,,,,,,,,,,,,,,,,,,,NA,20100,38710,NA,NA,DE,NA,NA,2021-12-31 00:00:00 UTC,
2021,TRACT_AK_MN_2021.xlsx,Census Tract,DE Delaware,DE Delaware 001 Kent County 10001041701,7,Public Housing,2,NA,DE Delaware Kent County 041701,10001041701,1,,,,,,,,,,,,,,,,,,,,,,,,,,,,,,,,,,,,,,,,,,,,,,,,,,,,,,,,NA,20100,81350,NA,NA,DE,NA,NA,2021-12-31 00:00:00 UTC,
2021,TRACT_AK_MN_2021.xlsx,Census Tract,DE Delaware,DE Delaware 001 Kent County 10001042201,7,Public Housing,2,NA,DE Delaware Kent County 042201,10001042201,54,94,51,100,7,4,3.2,165,403,1004,20202,6244,4,22,24,20,31,33,4,63,31,90,61,8,49,86,53,51,83,21,2,49,25,24,,82,75,,,16,4,2,2,8,0,,87,100,172,12,16,73,27,9,37,68,NA,20100,61265,NA,NA,DE,NA,NA,2021-12-31 00:00:00 UTC,51
2021,TRACT_AK_MN_2021.xlsx,Census Tract,DE Delaware,DE Delaware 001 Kent County 10001042500,7,Public Housing,2,NA,DE Delaware Kent County 042500,10001042500,2,,,,,,,,,,,,,,,,,,,,,,,,,,,,,,,,,,,,,,,,,,,,,,,,,,,,,,,,NA,20100,47420,NA,NA,DE,NA,NA,2021-12-31 00:00:00 UTC,
2021,TRACT_AK_MN_2021.xlsx,Census Tract,DE Delaware,DE Delaware 001 Kent County 10001043000,7,Public Housing,2,NA,DE Delaware Kent County 043000,10001043000,74,90,66,100,5,9,3.4,223,356,1004,18781,5558,8,23,15,15,38,41,2,48,30,82,62,6,70,91,70,40,83,13,3,74,14,9,,91,86,,,9,,5,,5,0,,60,100,170,3,35,62,11,21,27,68,NA,20100,33120,NA,NA,DE,NA,NA,2021-12-31 00:00:00 UTC,67
2021,TRACT_AK_MN_2021.xlsx,Census Tract,DE Delaware,DE Delaware 001 Kent County 10001043300,7,Public Housing,2,NA,DE Delaware Kent County 043300,10001043300,1,,,,,,,,,,,,,,,,,,,,,,,,,,,,,,,,,,,,,,,,,,,,,,,,,,,,,,,,NA,20100,21200,NA,NA,DE,NA,NA,2021-12-31 00:00:00 UTC,
2021,TRACT_AK_MN_2021.xlsx,Census Tract,DE Delaware,DE Delaware 003 New Castle County 10003000200,7,Public Housing,2,NA,DE Delaware New Castle County 000200,10003000200,30,91,27,98,8,,3.8,103,368,870,16540,4336,21,13,21,4,42,33,4,52,18,96,74,11,78,93,81,9,80,12,7,67,7,19,4,93,78,,,7,4,11,,15,0,,150,41,173,,7,93,7,10,84,28,NA,37980,77580,NA,NA,DE,NA,NA,2021-12-31 00:00:00 UTC,27
2021,TRACT_AK_MN_2021.xlsx,Census Tract,DE Delaware,DE Delaware 003 New Castle County 10003000300,7,Public Housing,2,NA,DE Delaware New Castle County 000300,10003000300,36,85,30,99,7,,3.4,101,520,870,28636,8506,10,24,3,7,55,53,3,40,34,73,53,3,67,93,67,12,60,10,3,60,20,17,,97,77,,,3,,17,3,20,0,,202,73,167,,10,90,27,25,85,10,NA,37980,77580,NA,NA,DE,NA,NA,2021-12-31 00:00:00 UTC,31
2021,TRACT_AK_MN_2021.xlsx,Census Tract,DE Delaware,DE Delaware 003 New Castle County 10003000400,7,Public Housing,2,NA,DE Delaware New Castle County 000400,10003000400,116,98,113,100,7,6,1.3,147,333,870,14238,10945,2,33,31,20,15,11,2,85,20,98,88,1,4,66,4,59,61,50,1,4,28,67,5,95,90,,1,5,,4,,4,0,19,184,12,158,84,4,12,10,17,58,12,NA,37980,77580,NA,NA,DE,NA,NA,2021-12-31 00:00:00 UTC,114
2021,TRACT_AK_MN_2021.xlsx,Census Tract,DE Delaware,DE Delaware 003 New Castle County 10003000500,7,Public Housing,2,NA,DE Delaware New Castle County 000500,10003000500,62,93,57,99,5,2,2.7,155,380,870,17802,6547,12,24,16,14,34,37,4,47,22,88,75,7,53,81,53,33,64,19,4,60,18,19,2,96,88,,2,4,2,5,,7,0,21,109,30,168,23,2,75,23,27,94,3,NA,37980,77580,NA,NA,DE,NA,NA,2021-12-31 00:00:00 UTC,58
2021,TRACT_AK_MN_2021.xlsx,Census Tract,DE Delaware,DE Delaware 003 New Castle County 10003000601,7,Public Housing,2,NA,DE Delaware New Castle County 000601,10003000601,82,96,78,100,4,,3,235,599,870,34097,11317,6,5,9,8,71,68,,28,40,73,42,13,56,95,68,7,20,4,3,71,14,13,,100,99,,,,,1,,1,1,,138,94,142,,21,79,23,30,95,5,NA,37980,77580,NA,NA,DE,NA,NA,2021-12-31 00:00:00 UTC,79
2021,TRACT_AK_MN_2021.xlsx,Census Tract,DE Delaware,DE Delaware 003 New Castle County 10003000602,7,Public Housing,2,NA,DE Delaware New Castle County 000602,10003000602,160,96,151,98,6,5,1.3,203,295,870,12338,9178,5,40,30,11,14,20,4,66,18,97,89,1,9,66,9,53,82,48,3,31,32,33,1,93,87,1,,7,1,5,,5,0,17,112,5,154,83,11,6,2,37,94,5,NA,37980,77580,NA,NA,DE,NA,NA,2021-12-31 00:00:00 UTC,154
2021,TRACT_AK_MN_2021.xlsx,Census Tract,DE Delaware,DE Delaware 003 New Castle County 10003000900,7,Public Housing,2,NA,DE Delaware New Castle County 000900,10003000900,28,70,19,99,5,5,2.9,55,410,870,19975,6900,6,18,18,12,47,37,5,47,25,89,79,5,74,84,68,14,80,15,5,58,11,26,,95,79,5,,5,,11,,11,0,,188,89,149,,26,74,32,31,97,2,NA,37980,77580,NA,NA,DE,NA,NA,2021-12-31 00:00:00 UTC,20
2021,TRACT_AK_MN_2021.xlsx,Census Tract,DE Delaware,DE Delaware 003 New Castle County 10003001200,7,Public Housing,2,NA,DE Delaware New Castle County 001200,10003001200,3,,,,,,,,,,,,,,,,,,,,,,,,,,,,,,,,,,,,,,,,,,,,,,,,,,,,,,,,NA,37980,77580,NA,NA,DE,NA,NA,2021-12-31 00:00:00 UTC,
2021,TRACT_AK_MN_2021.xlsx,Census Tract,DE Delaware,DE Delaware 003 New Castle County 10003001400,7,Public Housing,2,NA,DE Delaware New Castle County 001400,10003001400,3,,,,,,,,,,,,,,,,,,,,,,,,,,,,,,,,,,,,,,,,,,,,,,,,,,,,,,,,NA,37980,77580,NA,NA,DE,NA,NA,2021-12-31 00:00:00 UTC,
2021,TRACT_AK_MN_2021.xlsx,Census Tract,DE Delaware,DE Delaware 003 New Castle County 10003001500,7,Public Housing,2,NA,DE Delaware New Castle County 001500,10003001500,4,,,,,,,,,,,,,,,,,,,,,,,,,,,,,,,,,,,,,,,,,,,,,,,,,,,,,,,,NA,37980,77580,NA,NA,DE,NA,NA,2021-12-31 00:00:00 UTC,
2021,TRACT_AK_MN_2021.xlsx,Census Tract,DE Delaware,DE Delaware 003 New Castle County 10003001600,7,Public Housing,2,NA,DE Delaware New Castle County 001600,10003001600,23,70,16,99,5,6,2.8,44,368,870,16152,5873,23,31,,,46,44,13,25,19,94,75,,75,81,63,20,100,9,13,69,13,6,,100,100,,,,,,,0,0,20,112,94,134,13,44,44,25,28,84,3,NA,37980,77580,NA,NA,DE,NA,NA,2021-12-31 00:00:00 UTC,16
2021,TRACT_AK_MN_2021.xlsx,Census Tract,DE Delaware,DE Delaware 003 New Castle County 10003001902,7,Public Housing,2,NA,DE Delaware New Castle County 001902,10003001902,181,98,177,100,5,1,2.7,472,319,870,13944,5229,15,23,17,13,32,42,2,40,17,95,82,3,67,89,68,15,91,12,5,71,12,12,,98,93,,,2,1,3,1,5,0,,114,93,102,19,45,36,9,32,81,6,NA,37980,77580,NA,NA,DE,NA,NA,2021-12-31 00:00:00 UTC,177
2021,TRACT_AK_MN_2021.xlsx,Census Tract,DE Delaware,DE Delaware 003 New Castle County 10003002100,7,Public Housing,2,NA,DE Delaware New Castle County 002100,10003002100,23,71,16,99,5,,4.1,66,281,870,14855,3601,9,36,9,18,27,38,6,25,17,94,81,13,75,94,81,6,,2,,94,6,,,100,88,,6,,,6,,6,0,,111,94,147,,13,88,13,49,95,8,NA,37980,77580,NA,NA,DE,NA,NA,2021-12-31 00:00:00 UTC,16
2021,TRACT_AK_MN_2021.xlsx,Census Tract,DE Delaware,DE Delaware 003 New Castle County 10003002200,7,Public Housing,2,NA,DE Delaware New Castle County 002200,10003002200,19,70,13,99,7,8,3.2,42,364,870,16486,5103,,22,11,11,56,38,8,23,19,92,69,,62,100,62,20,67,12,,69,8,23,,100,92,,,,,8,,8,0,19,177,85,158,,31,69,23,39,95,6,NA,37980,77580,NA,NA,DE,NA,NA,2021-12-31 00:00:00 UTC,13
2021,TRACT_AK_MN_2021.xlsx,Census Tract,DE Delaware,DE Delaware 003 New Castle County 10003002300,7,Public Housing,2,NA,DE Delaware New Castle County 002300,10003002300,10,,,,,,,,,,,,,,,,,,,,,,,,,,,,,,,,,,,,,,,,,,,,,,,,,,,,,,,,NA,37980,77580,NA,NA,DE,NA,NA,2021-12-31 00:00:00 UTC,
2021,TRACT_AK_MN_2021.xlsx,Census Tract,DE Delaware,DE Delaware 003 New Castle County 10003002400,7,Public Housing,2,NA,DE Delaware New Castle County 002400,10003002400,7,,,,,,,,,,,,,,,,,,,,,,,,,,,,,,,,,,,,,,,,,,,,,,,,,,,,,,,,NA,37980,77580,NA,NA,DE,NA,NA,2021-12-31 00:00:00 UTC,
2021,TRACT_AK_MN_2021.xlsx,Census Tract,DE Delaware,DE Delaware 003 New Castle County 10003002500,7,Public Housing,2,NA,DE Delaware New Castle County 002500,10003002500,3,,,,,,,,,,,,,,,,,,,,,,,,,,,,,,,,,,,,,,,,,,,,,,,,,,,,,,,,NA,37980,77580,NA,NA,DE,NA,NA,2021-12-31 00:00:00 UTC,
2021,TRACT_AK_MN_2021.xlsx,Census Tract,DE Delaware,DE Delaware 003 New Castle County 10003002600,7,Public Housing,2,NA,DE Delaware New Castle County 002600,10003002600,16,71,11,99,5,,3.2,35,426,870,21413,6730,,20,30,10,40,36,,55,25,91,73,,73,100,73,11,50,9,,64,18,18,,100,91,,,,,9,,9,0,,167,91,143,,27,73,18,28,81,7,NA,37980,77580,NA,NA,DE,NA,NA,2021-12-31 00:00:00 UTC,11
2021,TRACT_AK_MN_2021.xlsx,Census Tract,DE Delaware,DE Delaware 003 New Castle County 10003002800,7,Public Housing,2,NA,DE Delaware New Castle County 002800,10003002800,1,,,,,,,,,,,,,,,,,,,,,,,,,,,,,,,,,,,,,,,,,,,,,,,,,,,,,,,,NA,37980,77580,NA,NA,DE,NA,NA,2021-12-31 00:00:00 UTC,
2021,TRACT_AK_MN_2021.xlsx,Census Tract,DE Delaware,DE Delaware 003 New Castle County 10003002900,7,Public Housing,2,NA,DE Delaware New Castle County 002900,10003002900,337,98,331,100,6,12,1.2,408,277,870,11925,9675,9,45,21,11,13,15,4,71,17,97,90,0,8,56,8,63,75,58,3,26,36,35,1,97,92,1,,3,1,4,0,5,0,22,111,1,152,88,8,5,3,45,96,4,NA,37980,77580,NA,NA,DE,NA,NA,2021-12-31 00:00:00 UTC,330
2021,TRACT_AK_MN_2021.xlsx,Census Tract,DE Delaware,DE Delaware 003 New Castle County 10003003002,7,Public Housing,2,NA,DE Delaware New Castle County 003002,10003003002,273,80,216,99,6,,3.2,689,269,870,11674,3660,29,19,17,9,26,38,5,43,14,96,86,6,76,90,75,10,57,8,7,77,9,6,,95,89,,,5,1,5,,6,0,,120,96,142,8,41,51,9,48,83,6,NA,37980,77580,NA,NA,DE,NA,NA,2021-12-31 00:00:00 UTC,218
2021,TRACT_AK_MN_2021.xlsx,Census Tract,DE Delaware,DE Delaware 003 New Castle County 10003010502,7,Public Housing,2,NA,DE Delaware New Castle County 010502,10003010502,1,,,,,,,,,,,,,,,,,,,,,,,,,,,,,,,,,,,,,,,,,,,,,,,,,,,,,,,,NA,37980,99999,NA,NA,DE,NA,NA,2021-12-31 00:00:00 UTC,
2021,TRACT_AK_MN_2021.xlsx,Census Tract,DE Delaware,DE Delaware 003 New Castle County 10003014300,7,Public Housing,2,NA,DE Delaware New Castle County 014300,10003014300,2,,,,,,,,,,,,,,,,,,,,,,,,,,,,,,,,,,,,,,,,,,,,,,,,,,,,,,,,NA,37980,50670,NA,NA,DE,NA,NA,2021-12-31 00:00:00 UTC,
2021,TRACT_AK_MN_2021.xlsx,Census Tract,DE Delaware,DE Delaware 003 New Castle County 10003014403,7,Public Housing,2,NA,DE Delaware New Castle County 014403,10003014403,7,,,,,,,,,,,,,,,,,,,,,,,,,,,,,,,,,,,,,,,,,,,,,,,,,,,,,,,,NA,37980,50670,NA,NA,DE,NA,NA,2021-12-31 00:00:00 UTC,
2021,TRACT_AK_MN_2021.xlsx,Census Tract,DE Delaware,DE Delaware 003 New Castle County 10003014501,7,Public Housing,2,NA,DE Delaware New Castle County 014501,10003014501,42,100,42,100,4,2,3.3,139,361,567,16582,5010,15,18,12,9,45,43,2,26,19,95,67,,79,95,76,13,50,6,,88,7,5,,95,90,,,5,2,2,,5,0,3,64,100,109,14,29,57,7,66,15,12,NA,37980,50670,NA,NA,DE,NA,NA,2021-12-31 00:00:00 UTC,42
2021,TRACT_AK_MN_2021.xlsx,Census Tract,DE Delaware,DE Delaware 003 New Castle County 10003014502,7,Public Housing,2,NA,DE Delaware New Castle County 014502,10003014502,45,100,45,100,7,11,1.4,61,455,567,19172,14144,,9,33,18,40,16,,84,27,96,67,2,13,80,16,33,67,44,,13,7,80,2,56,44,2,,44,2,7,,9,0,13,99,100,78,80,16,4,4,61,15,24,NA,37980,50670,NA,NA,DE,NA,NA,2021-12-31 00:00:00 UTC,45
2021,TRACT_AK_MN_2021.xlsx,Census Tract,DE Delaware,DE Delaware 005 Sussex County 10005050104,7,Public Housing,2,NA,DE Delaware Sussex County 050104,10005050104,2,,,,,,,,,,,,,,,,,,,,,,,,,,,,,,,,,,,,,,,,,,,,,,,,,,,,,,,,NA,41540,47420,NA,NA,DE,NA,NA,2021-12-31 00:00:00 UTC,
2021,TRACT_AK_MN_2021.xlsx,Census Tract,DE Delaware,DE Delaware 005 Sussex County 10005050301,7,Public Housing,2,NA,DE Delaware Sussex County 050301,10005050301,50,96,48,100,5,6,2.6,123,379,1004,20854,8138,,18,20,9,53,48,,44,32,83,52,6,58,83,63,43,88,23,4,65,17,15,,81,79,,2,17,,,,0,0,,90,100,141,,79,21,13,21,29,74,NA,41540,08680,NA,NA,DE,NA,NA,2021-12-31 00:00:00 UTC,48
2021,TRACT_AK_MN_2021.xlsx,Census Tract,DE Delaware,DE Delaware 005 Sussex County 10005051003,7,Public Housing,2,NA,DE Delaware Sussex County 051003,10005051003,51,100,51,100,7,4,3.2,163,435,1004,19831,6205,6,14,26,18,36,41,2,55,28,86,65,6,73,92,75,43,86,18,,73,14,14,,51,51,,,43,,,,0,0,,88,100,241,,27,73,24,1,18,60,NA,41540,99999,NA,NA,DE,NA,NA,2021-12-31 00:00:00 UTC,51
2021,TRACT_AK_MN_2021.xlsx,Census Tract,DE Delaware,DE Delaware 005 Sussex County 10005999999,7,Public Housing,2,NA,DE Delaware Sussex County 999999,10005999999,54,91,49,100,13,2,3.1,151,424,1004,21796,7073,8,13,23,13,44,55,2,41,32,80,53,8,65,84,69,19,86,13,4,71,12,12,,61,61,,,39,,,,0,0,,77,98,177,,49,51,10,7,8,68,NA,41540,99999,NA,NA,DE,NA,NA,2021-12-31 00:00:00 UTC,49